area_name,year,Bachelor's Degree or Higher Am. Indian Alaska Native Age 25 Up,Black Age 25 Up w/Elementary School Education or Less,College Enrollment,College Graduates Age 25 Up,Community College Enrollment,Elementary School Education or Less Age 25 Up,Enrollment in Home Schools,High School Enrollment,High School Graduates (incl. Equivalency) Am. Indian Alaska Native Age 25 Up,High School Graduates Age 25 Up,High School Graduates Black Age 25 Up,High School Graduates White Age 25 Up,Kindergarten and Elementary School Enrollment,Less Than 5 Years of Elementary School Age 25 Up,Less Than High School Diploma Am. Indian Alaska Native Age 25 Up,Nonpublic School Enrollment,Nursery School Enrollment,Preprimary or Kindergarten School Enrollment,Private College Enrollment,Public College Enrollment,Public High School Dropouts,Public High School Final Enrollment,Public High School Graduates,Public School Expenditures (000s),Public School Expenditures - Federal (000s),Public School Expenditures - Local (000s),Public School Expenditures - State (000s),Public School Final Average Daily Attendance,Public School Final Average Daily Membership,Public School Final Enrollment,Public School First Month Average Daily Membership,Public School First Month Membership,Public School Instructional Personnel,SAT Redesign Average ERW Score,SAT Redesign Average Math Score,SAT Redesign Total Average Score,Some College or Associate's Degree Am. Indian Alaska Native Age 25 Up,White Age 25 Up w/Elementary School Education or Less
Alamance County,2020,97.0,2678.0,12583.0,28301.0,6166.0,5410.0,2170.0,8789.0,160.0,31196.0,7755.0,21319.0,18615.0,2405.0,102.0,3815.0,2199.0,4089.0,486.0,3109.0,140.0,7702.0,1759.0,216506.0,24110.0,46372.0,146024.0,23499.0,24584.0,25293.0,23391.0,23864.0,1643.0,521.0,520.0,1042.0,122.0,8168.0
Alexander County,2020,0.0,345.0,1424.0,3826.0,1291.0,1295.0,690.0,1840.0,20.0,10740.0,790.0,9474.0,3925.0,336.0,83.0,824.0,283.0,802.0,151.0,375.0,18.0,1454.0,344.0,46639.0,4927.0,7518.0,34194.0,4562.0,4720.0,4816.0,4479.0,4492.0,322.0,543.0,540.0,1083.0,64.0,3795.0
Alleghany County,2020,0.0,17.0,509.0,1768.0,455.0,523.0,118.0,485.0,22.0,2367.0,55.0,2286.0,991.0,155.0,4.0,149.0,89.0,180.0,21.0,108.0,6.0,414.0,100.0,16744.0,1704.0,3279.0,11761.0,1302.0,1358.0,1453.0,1276.0,1280.0,114.0,515.0,532.0,1046.0,0.0,1744.0
Anson County,2020,0.0,1778.0,1223.0,1952.0,1048.0,895.0,318.0,1061.0,5.0,6979.0,3547.0,3172.0,2694.0,151.0,39.0,328.0,426.0,688.0,79.0,258.0,11.0,975.0,224.0,35207.0,4460.0,5089.0,25659.0,2908.0,3109.0,3232.0,2935.0,2979.0,207.0,482.0,466.0,948.0,59.0,1436.0
Ashe County,2020,17.0,35.0,789.0,4124.0,1004.0,801.0,676.0,1062.0,9.0,6424.0,48.0,6271.0,2442.0,284.0,0.0,708.0,437.0,737.0,38.0,329.0,0.0,929.0,204.0,33133.0,3777.0,5744.0,23612.0,2791.0,2899.0,3011.0,2823.0,2828.0,216.0,564.0,534.0,1098.0,11.0,2720.0
Avery County,2020,8.0,172.0,1423.0,3171.0,676.0,677.0,339.0,680.0,35.0,4157.0,310.0,3750.0,1288.0,234.0,54.0,409.0,129.0,243.0,69.0,171.0,13.0,630.0,127.0,23598.0,2757.0,4234.0,16607.0,1938.0,2025.0,2107.0,1746.0,1912.0,171.0,543.0,524.0,1066.0,85.0,1671.0
Beaufort County,2020,0.0,1128.0,1528.0,7113.0,2115.0,1677.0,642.0,2503.0,0.0,10989.0,3365.0,7482.0,4564.0,790.0,60.0,1041.0,437.0,784.0,147.0,711.0,32.0,2087.0,522.0,67824.0,9261.0,15146.0,43416.0,6334.0,6618.0,6783.0,6309.0,6351.0,486.0,528.0,520.0,1048.0,3.0,2550.0
Bertie County,2020,0.0,2194.0,796.0,2074.0,846.0,885.0,156.0,834.0,12.0,5243.0,2921.0,2166.0,1744.0,328.0,47.0,540.0,173.0,505.0,60.0,242.0,14.0,635.0,163.0,25594.0,3442.0,3300.0,18852.0,1958.0,2044.0,2101.0,1931.0,1971.0,145.0,454.0,434.0,888.0,8.0,736.0
Bladen County,2020,17.0,1744.0,1194.0,4344.0,1470.0,1150.0,453.0,1964.0,315.0,7386.0,2401.0,4566.0,3235.0,458.0,54.0,526.0,247.0,304.0,43.0,497.0,16.0,1496.0,340.0,46751.0,8520.0,6398.0,31833.0,4556.0,4740.0,4937.0,4624.0,4655.0,314.0,509.0,484.0,994.0,166.0,1726.0
Brunswick County,2020,118.0,1306.0,4912.0,32133.0,3743.0,2377.0,1826.0,4936.0,176.0,31683.0,3519.0,26426.0,10443.0,635.0,11.0,2334.0,1252.0,2253.0,170.0,1458.0,92.0,4134.0,914.0,129368.0,13152.0,33660.0,82556.0,13164.0,13762.0,14256.0,13468.0,13630.0,884.0,541.0,535.0,1077.0,311.0,6399.0
Buncombe County,2020,109.0,1105.0,14979.0,79322.0,8400.0,5753.0,4971.0,11587.0,83.0,44368.0,3780.0,38722.0,23141.0,2832.0,147.0,8723.0,3096.0,5895.0,643.0,4423.0,121.0,9616.0,2210.0,305478.0,29795.0,95691.0,179992.0,29296.0,30441.0,31518.0,29123.0,29370.0,2124.0,573.0,557.0,1130.0,241.0,12994.0
Burke County,2020,0.0,684.0,4078.0,11037.0,3208.0,4582.0,1336.0,4181.0,86.0,20944.0,1544.0,18525.0,8298.0,2018.0,300.0,1555.0,741.0,1709.0,257.0,1200.0,59.0,3796.0,907.0,114778.0,13684.0,17795.0,83298.0,11709.0,12142.0,12448.0,11801.0,11819.0,802.0,564.0,566.0,1130.0,99.0,9218.0
Cabarrus County,2020,66.0,2410.0,11504.0,47123.0,6805.0,4836.0,3993.0,13499.0,203.0,35721.0,7397.0,25518.0,26759.0,2387.0,51.0,5991.0,3745.0,5719.0,854.0,5166.0,149.0,12985.0,2985.0,356259.0,26895.0,87364.0,242000.0,39935.0,41455.0,42558.0,40078.0,40450.0,2527.0,550.0,543.0,1092.0,142.0,8466.0
Caldwell County,2020,60.0,432.0,3001.0,9369.0,3787.0,3791.0,1124.0,4373.0,35.0,19653.0,787.0,18135.0,8309.0,1251.0,27.0,1258.0,804.0,1509.0,223.0,1007.0,54.0,3720.0,865.0,107784.0,12109.0,17717.0,77959.0,10611.0,11096.0,11425.0,10551.0,10618.0,792.0,551.0,539.0,1090.0,38.0,9826.0
Camden County,2020,0.0,168.0,416.0,1524.0,420.0,596.0,173.0,615.0,24.0,2467.0,398.0,1926.0,1312.0,255.0,0.0,173.0,121.0,296.0,18.0,220.0,4.0,606.0,142.0,19340.0,1042.0,2933.0,15365.0,1789.0,1850.0,1894.0,1767.0,1774.0,127.0,536.0,520.0,1056.0,0.0,713.0
Carteret County,2020,47.0,440.0,3162.0,15036.0,2494.0,1141.0,1456.0,3010.0,35.0,13361.0,780.0,12138.0,6355.0,447.0,9.0,1854.0,834.0,1433.0,145.0,1104.0,28.0,2600.0,587.0,84776.0,7933.0,24307.0,52535.0,7825.0,8170.0,8449.0,7922.0,7981.0,619.0,579.0,576.0,1156.0,55.0,3508.0
Caswell County,2020,0.0,971.0,985.0,2609.0,809.0,1024.0,421.0,1105.0,11.0,5569.0,2137.0,3297.0,2125.0,381.0,1.0,421.0,232.0,352.0,27.0,259.0,15.0,742.0,174.0,26885.0,2955.0,3282.0,20648.0,2183.0,2308.0,2430.0,2224.0,2245.0,158.0,502.0,495.0,997.0,6.0,1741.0
Catawba County,2020,27.0,1765.0,8079.0,25387.0,5679.0,5075.0,2451.0,8044.0,171.0,33264.0,3705.0,26662.0,17707.0,2105.0,185.0,4096.0,2288.0,3916.0,853.0,2626.0,102.0,7246.0,1742.0,211485.0,22777.0,43116.0,145592.0,21703.0,22593.0,23184.0,21866.0,22000.0,1481.0,548.0,548.0,1096.0,122.0,10454.0
Chatham County,2020,32.0,1328.0,2707.0,23516.0,2091.0,2522.0,1119.0,3974.0,9.0,10623.0,1873.0,7951.0,7239.0,975.0,0.0,1318.0,748.0,1346.0,129.0,1529.0,39.0,3231.0,736.0,96419.0,7055.0,31011.0,58353.0,9921.0,10256.0,10404.0,10010.0,10077.0,721.0,565.0,551.0,1116.0,84.0,3616.0
Cherokee County,2020,23.0,82.0,686.0,4805.0,1143.0,766.0,569.0,1169.0,213.0,7347.0,32.0,6821.0,2285.0,271.0,37.0,596.0,191.0,531.0,28.0,253.0,10.0,1089.0,258.0,37089.0,4150.0,8273.0,24666.0,3102.0,3249.0,3432.0,2965.0,3041.0,275.0,528.0,492.0,1020.0,89.0,2221.0
Chowan County,2020,17.0,724.0,323.0,2307.0,406.0,657.0,190.0,745.0,0.0,3467.0,1434.0,2003.0,1438.0,98.0,48.0,196.0,209.0,441.0,48.0,242.0,8.0,568.0,152.0,22076.0,2101.0,4079.0,15896.0,1800.0,1872.0,1915.0,1782.0,1811.0,136.0,497.0,495.0,992.0,0.0,758.0
Clay County,2020,0.0,42.0,460.0,2347.0,396.0,285.0,153.0,185.0,0.0,2410.0,39.0,2327.0,1058.0,58.0,0.0,203.0,142.0,253.0,12.0,99.0,12.0,408.0,87.0,14749.0,1284.0,2081.0,11384.0,1219.0,1268.0,1323.0,1178.0,1177.0,105.0,528.0,517.0,1045.0,58.0,987.0
Cleveland County,2020,0.0,2696.0,5878.0,13135.0,3796.0,2869.0,1678.0,5122.0,103.0,23078.0,5236.0,16900.0,10737.0,1256.0,0.0,1813.0,774.0,1886.0,434.0,1339.0,117.0,4694.0,1066.0,143160.0,17514.0,25309.0,100337.0,14415.0,14991.0,15481.0,14757.0,14909.0,1015.0,524.0,505.0,1028.0,16.0,6409.0
Columbus County,2020,128.0,2086.0,2033.0,5068.0,2663.0,2151.0,628.0,2717.0,382.0,14794.0,4574.0,9611.0,5696.0,918.0,292.0,807.0,494.0,1266.0,87.0,756.0,40.0,2727.0,628.0,76758.0,11376.0,7565.0,57817.0,7932.0,8322.0,8759.0,7920.0,8197.0,557.0,502.0,491.0,993.0,509.0,3321.0
Craven County,2020,26.0,2195.0,5800.0,16899.0,4535.0,2770.0,1701.0,4486.0,61.0,17478.0,4186.0,12073.0,10979.0,1307.0,74.0,2863.0,1518.0,2725.0,305.0,1554.0,73.0,3997.0,879.0,125649.0,15860.0,24828.0,84962.0,12601.0,13104.0,13661.0,12542.0,12624.0,750.0,544.0,541.0,1085.0,179.0,3741.0
Cumberland County,2020,294.0,6933.0,29975.0,53183.0,12836.0,4983.0,4054.0,17096.0,901.0,54809.0,21581.0,27365.0,40046.0,2135.0,555.0,8980.0,5025.0,10306.0,1489.0,7926.0,185.0,15626.0,3544.0,470933.0,63368.0,89495.0,318070.0,48630.0,50971.0,53900.0,48527.0,50056.0,3136.0,525.0,504.0,1030.0,1123.0,7676.0
Currituck County,2020,11.0,108.0,1417.0,4913.0,770.0,495.0,467.0,1563.0,0.0,6095.0,375.0,5592.0,2987.0,144.0,0.0,499.0,472.0,837.0,28.0,376.0,18.0,1297.0,316.0,41704.0,2556.0,11531.0,27617.0,4031.0,4191.0,4344.0,4131.0,4165.0,273.0,534.0,526.0,1060.0,78.0,1553.0
Dare County,2020,29.0,125.0,1551.0,10558.0,1059.0,525.0,536.0,1551.0,1.0,6035.0,148.0,5707.0,3600.0,101.0,0.0,622.0,630.0,1049.0,60.0,629.0,22.0,1711.0,369.0,60424.0,3421.0,23605.0,33398.0,4994.0,5235.0,5365.0,5065.0,5117.0,395.0,550.0,539.0,1089.0,0.0,1163.0
Davidson County,2020,19.0,1782.0,7070.0,22226.0,5029.0,5451.0,3244.0,9013.0,50.0,37647.0,3609.0,32801.0,18821.0,1755.0,107.0,4462.0,1991.0,4179.0,460.0,2761.0,150.0,7727.0,1791.0,216486.0,26769.0,31780.0,157937.0,23473.0,24341.0,25005.0,23123.0,23401.0,1574.0,527.0,519.0,1046.0,43.0,14263.0
Davie County,2020,63.0,319.0,1595.0,7397.0,1480.0,1050.0,894.0,2349.0,45.0,9805.0,606.0,8824.0,4668.0,439.0,6.0,970.0,574.0,1201.0,126.0,795.0,51.0,1924.0,458.0,56075.0,5450.0,12007.0,38619.0,5835.0,6049.0,6162.0,5631.0,5764.0,410.0,563.0,558.0,1121.0,42.0,2600.0
Duplin County,2020,0.0,2077.0,3099.0,5838.0,2526.0,3674.0,398.0,2946.0,48.0,12628.0,3628.0,8566.0,7359.0,1591.0,61.0,513.0,933.0,1723.0,242.0,671.0,62.0,2848.0,638.0,87085.0,10672.0,10823.0,65590.0,9214.0,9612.0,9897.0,9246.0,9412.0,597.0,508.0,498.0,1006.0,36.0,5712.0
Durham County,2020,240.0,7960.0,30953.0,108453.0,6189.0,11409.0,2536.0,14347.0,139.0,38845.0,19017.0,16147.0,31190.0,5132.0,150.0,7608.0,4815.0,8172.0,938.0,7484.0,246.0,11966.0,2785.0,380862.0,35838.0,124940.0,220085.0,38088.0,39679.0,41252.0,38212.0,39062.0,2910.0,551.0,539.0,1090.0,155.0,10148.0
Edgecombe County,2020,41.0,3517.0,2070.0,5879.0,2149.0,2257.0,514.0,2461.0,98.0,13748.0,8448.0,5043.0,6002.0,660.0,0.0,514.0,552.0,1264.0,179.0,645.0,58.0,2043.0,488.0,61817.0,9730.0,7761.0,44326.0,6250.0,6557.0,6691.0,6246.0,6304.0,459.0,492.0,484.0,976.0,37.0,2401.0
Forsyth County,2020,156.0,7373.0,27289.0,86341.0,9542.0,10795.0,4261.0,21172.0,165.0,63898.0,19522.0,41020.0,43045.0,4870.0,313.0,8722.0,4829.0,9364.0,1378.0,7791.0,524.0,17415.0,3972.0,524429.0,54346.0,126545.0,343538.0,54138.0,57123.0,58465.0,53423.0,54930.0,3778.0,552.0,537.0,1089.0,190.0,15748.0
Franklin County,2020,68.0,2409.0,3119.0,10046.0,1827.0,2637.0,1817.0,3282.0,163.0,14137.0,3935.0,9283.0,7871.0,872.0,39.0,1998.0,747.0,1592.0,229.0,1046.0,1.0,2710.0,636.0,80752.0,7886.0,17044.0,55822.0,8378.0,8418.0,9030.0,8554.0,8627.0,581.0,521.0,502.0,1022.0,76.0,3177.0
Gaston County,2020,202.0,3441.0,10162.0,33981.0,6587.0,6696.0,3242.0,11638.0,50.0,46846.0,8077.0,36829.0,25030.0,2336.0,179.0,5371.0,2457.0,5126.0,881.0,3256.0,160.0,10657.0,2452.0,282544.0,30813.0,59300.0,192432.0,32484.0,35532.0,34866.0,32762.0,33393.0,2053.0,535.0,521.0,1056.0,104.0,16857.0
Gates County,2020,5.0,416.0,474.0,1045.0,270.0,332.0,259.0,684.0,33.0,3287.0,1168.0,1988.0,1257.0,170.0,18.0,259.0,84.0,213.0,26.0,152.0,0.0,499.0,147.0,19143.0,1429.0,3216.0,14497.0,1479.0,1557.0,1633.0,1450.0,1455.0,126.0,529.0,510.0,1039.0,37.0,454.0
Graham County,2020,91.0,11.0,328.0,819.0,333.0,358.0,217.0,347.0,93.0,2114.0,2.0,2018.0,1032.0,30.0,67.0,217.0,40.0,133.0,15.0,100.0,8.0,383.0,94.0,15075.0,1952.0,2629.0,10493.0,1070.0,1123.0,1179.0,1055.0,1060.0,93.0,544.0,538.0,1082.0,138.0,956.0
Granville County,2020,45.0,2016.0,2963.0,10103.0,1693.0,2478.0,1024.0,3625.0,34.0,13086.0,4428.0,7905.0,6041.0,1125.0,24.0,1069.0,575.0,1464.0,144.0,956.0,61.0,2919.0,666.0,71380.0,5187.0,15120.0,51073.0,8359.0,7166.0,8958.0,8630.0,8727.0,562.0,517.0,506.0,1024.0,61.0,3162.0
Greene County,2020,0.0,1323.0,822.0,1561.0,1086.0,1419.0,205.0,1192.0,10.0,4797.0,1792.0,2803.0,2109.0,504.0,60.0,310.0,265.0,443.0,59.0,254.0,7.0,900.0,212.0,32758.0,4837.0,3143.0,24778.0,2723.0,2831.0,2899.0,2697.0,2724.0,205.0,470.0,448.0,918.0,27.0,1768.0
Guilford County,2020,291.0,13444.0,50377.0,130366.0,13553.0,13806.0,5827.0,27598.0,430.0,83781.0,32269.0,45088.0,58873.0,6366.0,314.0,12018.0,6792.0,13191.0,1913.0,14990.0,328.0,24703.0,5657.0,737731.0,80408.0,198770.0,458552.0,75403.0,78563.0,80984.0,67321.0,77443.0,5245.0,540.0,536.0,1076.0,447.0,15610.0
Halifax County,2020,121.0,4728.0,1706.0,5291.0,1801.0,2229.0,440.0,2689.0,354.0,13484.0,7334.0,5485.0,5181.0,1005.0,364.0,802.0,543.0,998.0,219.0,784.0,25.0,1818.0,461.0,69527.0,8910.0,12339.0,48278.0,6027.0,6385.0,6622.0,6146.0,6248.0,444.0,475.0,457.0,932.0,415.0,2123.0
Harnett County,2020,148.0,2556.0,11313.0,19342.0,4148.0,3661.0,3249.0,7594.0,266.0,25305.0,5612.0,17993.0,17164.0,1351.0,131.0,3686.0,1780.0,4068.0,594.0,1783.0,72.0,6183.0,1385.0,181545.0,17674.0,27896.0,135975.0,19357.0,20188.0,21052.0,19538.0,19785.0,1259.0,536.0,516.0,1052.0,327.0,6014.0
Haywood County,2020,40.0,91.0,2666.0,12970.0,2314.0,1487.0,1015.0,2452.0,123.0,12253.0,111.0,11638.0,5471.0,495.0,0.0,1144.0,1041.0,1627.0,85.0,799.0,23.0,2239.0,553.0,72923.0,9513.0,16962.0,46448.0,6971.0,7320.0,7576.0,7122.0,7152.0,529.0,565.0,558.0,1123.0,50.0,4977.0
Henderson County,2020,17.0,429.0,4615.0,27352.0,4063.0,2829.0,2148.0,5384.0,43.0,22361.0,773.0,20388.0,11115.0,1181.0,1.0,3104.0,1387.0,2565.0,261.0,1482.0,40.0,4333.0,959.0,126536.0,12357.0,30085.0,84094.0,13250.0,13749.0,14303.0,13487.0,13527.0,912.0,563.0,545.0,1107.0,162.0,6371.0
Hertford County,2020,53.0,1781.0,1817.0,2654.0,796.0,890.0,152.0,1158.0,78.0,5706.0,3556.0,1963.0,2379.0,323.0,41.0,617.0,163.0,387.0,104.0,322.0,13.0,857.0,181.0,31384.0,3818.0,4287.0,23279.0,2460.0,2611.0,2681.0,2504.0,2576.0,190.0,455.0,432.0,886.0,35.0,720.0
Hoke County,2020,301.0,1221.0,4404.0,6472.0,2017.0,1623.0,979.0,2956.0,791.0,10394.0,4054.0,4469.0,7313.0,678.0,860.0,1077.0,754.0,1387.0,152.0,964.0,34.0,2494.0,581.0,83625.0,9642.0,8718.0,65265.0,8376.0,8722.0,9141.0,8219.0,8398.0,573.0,496.0,497.0,994.0,829.0,1395.0
Hyde County,2020,0.0,404.0,23.0,402.0,174.0,36.0,104.0,183.0,6.0,1421.0,591.0,778.0,543.0,16.0,0.0,129.0,102.0,108.0,9.0,62.0,1.0,145.0,43.0,11406.0,2024.0,1576.0,7805.0,509.0,531.0,558.0,509.0,513.0,58.0,0.0,0.0,0.0,0.0,363.0
Iredell County,2020,35.0,1884.0,8295.0,36698.0,5598.0,3995.0,3283.0,9758.0,204.0,34043.0,4701.0,27521.0,21183.0,1496.0,56.0,4451.0,1843.0,4012.0,592.0,3765.0,99.0,10142.0,2402.0,240716.0,20571.0,57704.0,162441.0,29791.0,30952.0,32017.0,30394.0,30518.0,1939.0,560.0,555.0,1115.0,117.0,8670.0
Jackson County,2020,396.0,1.0,7374.0,7968.0,1272.0,1257.0,469.0,1588.0,590.0,7874.0,134.0,6699.0,3676.0,501.0,369.0,661.0,394.0,777.0,41.0,762.0,8.0,1240.0,297.0,38370.0,4289.0,8667.0,25414.0,3684.0,3858.0,4011.0,3738.0,3768.0,278.0,581.0,564.0,1145.0,885.0,2587.0
Johnston County,2020,117.0,2729.0,11461.0,32484.0,7042.0,6163.0,3985.0,12191.0,240.0,37622.0,6466.0,28948.0,26121.0,2878.0,129.0,4530.0,2385.0,4633.0,723.0,3901.0,127.0,12029.0,2718.0,332513.0,25579.0,64108.0,242826.0,36820.0,38403.0,39347.0,37405.0,37788.0,2480.0,522.0,506.0,1028.0,248.0,11008.0
Jones County,2020,0.0,394.0,398.0,1017.0,415.0,375.0,234.0,378.0,30.0,2557.0,834.0,1636.0,823.0,139.0,0.0,234.0,185.0,248.0,20.0,98.0,5.0,313.0,79.0,13928.0,1860.0,1420.0,10648.0,960.0,1012.0,1057.0,921.0,962.0,83.0,486.0,489.0,974.0,41.0,827.0
Lee County,2020,25.0,1050.0,3106.0,8483.0,2655.0,2443.0,680.0,3444.0,133.0,11437.0,2392.0,8320.0,7541.0,852.0,80.0,1375.0,592.0,1203.0,276.0,981.0,49.0,3121.0,658.0,91176.0,8785.0,19138.0,63253.0,9729.0,10106.0,10426.0,9801.0,9953.0,677.0,511.0,503.0,1014.0,38.0,4340.0
Lenoir County,2020,18.0,3080.0,2907.0,6097.0,2787.0,2460.0,626.0,3143.0,47.0,12581.0,5769.0,6448.0,6496.0,1050.0,14.0,1647.0,570.0,1523.0,198.0,853.0,39.0,2487.0,565.0,83411.0,11056.0,13510.0,58846.0,8185.0,8565.0,8809.0,8284.0,8392.0,563.0,484.0,476.0,960.0,29.0,3426.0
Lincoln County,2020,23.0,518.0,2875.0,14036.0,2784.0,1735.0,1234.0,4425.0,8.0,18709.0,942.0,16784.0,9112.0,668.0,0.0,1412.0,1048.0,2172.0,294.0,1458.0,62.0,4319.0,981.0,98664.0,9117.0,18980.0,70567.0,13058.0,13594.0,13922.0,12354.0,13468.0,842.0,552.0,539.0,1091.0,59.0,5842.0
Macon County,2020,0.0,328.0,1155.0,6349.0,1327.0,1470.0,810.0,1648.0,159.0,8619.0,130.0,8152.0,3005.0,353.0,0.0,869.0,119.0,360.0,38.0,413.0,11.0,1357.0,313.0,45775.0,5539.0,9131.0,31105.0,4228.0,4409.0,4602.0,4254.0,4295.0,327.0,543.0,529.0,1072.0,51.0,4417.0
Madison County,2020,0.0,129.0,1817.0,4694.0,859.0,1026.0,702.0,960.0,5.0,5012.0,23.0,4798.0,1878.0,196.0,0.0,766.0,174.0,521.0,83.0,146.0,5.0,781.0,194.0,25632.0,2737.0,4117.0,18777.0,2133.0,2226.0,2312.0,2162.0,2158.0,176.0,545.0,528.0,1072.0,51.0,2496.0
Martin County,2020,0.0,16.0,706.0,2482.0,1161.0,602.0,247.0,1237.0,9.0,5726.0,2883.0,2608.0,2326.0,389.0,26.0,247.0,286.0,490.0,77.0,353.0,23.0,971.0,210.0,34502.0,3968.0,6591.0,23943.0,3025.0,3157.0,3257.0,3036.0,3064.0,236.0,530.0,501.0,1030.0,11.0,1691.0
McDowell County,2020,0.0,1424.0,1544.0,6109.0,1915.0,1035.0,875.0,2039.0,11.0,10580.0,402.0,9914.0,4968.0,389.0,0.0,1235.0,238.0,924.0,94.0,504.0,28.0,1809.0,411.0,61042.0,7410.0,10607.0,43025.0,5620.0,5874.0,6026.0,5686.0,5698.0,449.0,533.0,512.0,1045.0,62.0,1279.0
Mecklenburg County,2020,374.0,20538.0,74673.0,338590.0,20770.0,34256.0,11148.0,54288.0,535.0,122643.0,50783.0,55592.0,127051.0,15211.0,1022.0,29526.0,19191.0,32736.0,3230.0,23323.0,990.0,49383.0,10618.0,1431153.0,116947.0,414058.0,900148.0,157743.0,164176.0,172158.0,158389.0,160037.0,10924.0,556.0,550.0,1105.0,741.0,22540.0
Mitchell County,2020,0.0,4.0,879.0,2464.0,596.0,657.0,284.0,731.0,70.0,3381.0,3.0,3264.0,1311.0,203.0,0.0,351.0,107.0,201.0,34.0,147.0,153.0,676.0,209.0,20361.0,2081.0,2440.0,15840.0,1736.0,1803.0,1871.0,1546.0,1739.0,138.0,546.0,529.0,1076.0,1.0,1489.0
Montgomery County,2020,0.0,828.0,1163.0,3108.0,1373.0,1149.0,447.0,1840.0,54.0,6626.0,1258.0,4952.0,2487.0,247.0,1.0,546.0,346.0,639.0,74.0,320.0,1.0,1126.0,286.0,41112.0,5316.0,8283.0,27514.0,4000.0,4139.0,4236.0,4444.0,4465.0,243.0,508.0,501.0,1009.0,52.0,2474.0
Moore County,2020,144.0,1215.0,5069.0,27871.0,4544.0,2185.0,1608.0,4740.0,171.0,15630.0,2587.0,12074.0,10303.0,877.0,44.0,2817.0,1424.0,2511.0,291.0,1670.0,5.0,4252.0,1017.0,120118.0,7944.0,32162.0,80012.0,13333.0,13842.0,14268.0,13586.0,13712.0,874.0,579.0,564.0,1143.0,184.0,3381.0
Nash County,2020,53.0,4323.0,5845.0,13842.0,3900.0,3158.0,1392.0,4993.0,226.0,22188.0,10382.0,10859.0,10429.0,1290.0,30.0,2606.0,853.0,2087.0,537.0,1628.0,53.0,5003.0,1146.0,139337.0,17175.0,21995.0,100166.0,15229.0,15938.0,16388.0,14911.0,15288.0,893.0,501.0,482.0,983.0,163.0,3430.0
New Hanover County,2020,92.0,2313.0,22323.0,67230.0,7741.0,3292.0,2278.0,9260.0,67.0,31683.0,7225.0,23597.0,21367.0,1151.0,81.0,5442.0,2865.0,5028.0,391.0,5433.0,78.0,8522.0,1878.0,265549.0,23115.0,79022.0,163412.0,26407.0,27498.0,28383.0,26753.0,26966.0,1886.0,571.0,569.0,1139.0,123.0,7344.0
Northampton County,2020,0.0,1727.0,863.0,2263.0,542.0,1092.0,174.0,995.0,29.0,5787.0,3360.0,2159.0,1624.0,226.0,7.0,333.0,224.0,412.0,67.0,221.0,12.0,865.0,178.0,22377.0,3910.0,3010.0,15457.0,2548.0,2670.0,2768.0,2536.0,2589.0,198.0,425.0,439.0,864.0,31.0,970.0
Onslow County,2020,125.0,2084.0,15953.0,25116.0,6414.0,2281.0,3707.0,7551.0,113.0,31216.0,4717.0,22935.0,21924.0,913.0,47.0,5124.0,2664.0,5050.0,741.0,2730.0,55.0,7386.0,1666.0,249614.0,22112.0,57730.0,169773.0,25603.0,26693.0,28182.0,25835.0,26284.0,1680.0,536.0,516.0,1053.0,214.0,5191.0
Orange County,2020,84.0,1053.0,28606.0,55545.0,2741.0,2793.0,1400.0,7558.0,114.0,11449.0,2759.0,7856.0,14754.0,1521.0,55.0,2515.0,2111.0,3809.0,488.0,6115.0,65.0,6732.0,1556.0,243562.0,9327.0,110400.0,123835.0,19998.0,20703.0,21192.0,19856.0,19919.0,1553.0,615.0,608.0,1223.0,144.0,3992.0
Pamlico County,2020,2.0,436.0,500.0,2152.0,580.0,354.0,178.0,414.0,18.0,2973.0,633.0,2238.0,1005.0,111.0,7.0,246.0,117.0,158.0,13.0,121.0,3.0,592.0,130.0,17902.0,1812.0,3918.0,12172.0,1690.0,1763.0,1841.0,1665.0,1675.0,147.0,530.0,537.0,1068.0,2.0,623.0
Pasquotank County,2020,35.0,1540.0,2998.0,6342.0,1224.0,1010.0,821.0,1879.0,16.0,8528.0,3024.0,5284.0,4463.0,378.0,15.0,1416.0,489.0,954.0,54.0,715.0,29.0,1790.0,377.0,55905.0,6568.0,10414.0,38923.0,5559.0,5727.0,5999.0,5431.0,5518.0,378.0,525.0,506.0,1031.0,0.0,1386.0
Pender County,2020,0.0,1186.0,2910.0,12616.0,2447.0,1465.0,1202.0,3471.0,63.0,11979.0,1966.0,9447.0,7031.0,701.0,47.0,1250.0,775.0,1507.0,109.0,1125.0,50.0,3107.0,773.0,89565.0,9706.0,18890.0,60969.0,9102.0,9476.0,9822.0,9282.0,9355.0,607.0,544.0,528.0,1073.0,43.0,2909.0
Perquimans County,2020,0.0,699.0,690.0,1992.0,379.0,478.0,199.0,551.0,0.0,3138.0,755.0,2335.0,1311.0,225.0,5.0,199.0,49.0,150.0,13.0,153.0,5.0,473.0,117.0,18509.0,1855.0,3105.0,13549.0,1552.0,1620.0,1681.0,1559.0,1576.0,118.0,506.0,525.0,1031.0,16.0,597.0
Person County,2020,2.0,1085.0,1920.0,4444.0,1789.0,992.0,611.0,2353.0,57.0,10170.0,2772.0,6994.0,4086.0,527.0,62.0,706.0,457.0,690.0,76.0,593.0,2.0,1697.0,354.0,43869.0,4767.0,8128.0,30974.0,5160.0,5379.0,5523.0,5283.0,5352.0,356.0,538.0,520.0,1058.0,36.0,1895.0
Pitt County,2020,61.0,6702.0,29373.0,35349.0,7578.0,4002.0,1931.0,8080.0,66.0,26630.0,12072.0,12718.0,19419.0,1949.0,145.0,3785.0,2656.0,4425.0,406.0,4838.0,107.0,7311.0,1701.0,229335.0,30116.0,41228.0,157991.0,23309.0,24208.0,24861.0,23443.0,23748.0,1598.0,510.0,510.0,1019.0,125.0,3520.0
Polk County,2020,0.0,138.0,685.0,5265.0,635.0,518.0,349.0,814.0,14.0,4176.0,320.0,3681.0,1854.0,220.0,9.0,375.0,123.0,251.0,35.0,196.0,5.0,699.0,170.0,24575.0,2011.0,5672.0,16891.0,2016.0,2096.0,2166.0,2057.0,2069.0,174.0,551.0,552.0,1103.0,0.0,1150.0
Randolph County,2020,89.0,1247.0,5711.0,16071.0,5224.0,6045.0,2922.0,7901.0,97.0,34295.0,1926.0,30581.0,16232.0,1778.0,103.0,3725.0,1466.0,3181.0,372.0,2158.0,76.0,7072.0,1601.0,190186.0,20429.0,33801.0,135956.0,21088.0,21848.0,22470.0,21237.0,21385.0,1424.0,522.0,511.0,1034.0,53.0,12833.0
Richmond County,2020,111.0,1883.0,2268.0,5443.0,2184.0,2069.0,405.0,2396.0,171.0,9300.0,3188.0,5811.0,5155.0,845.0,127.0,660.0,706.0,1003.0,91.0,632.0,39.0,2135.0,505.0,70846.0,10837.0,9404.0,50605.0,6621.0,6879.0,7126.0,6489.0,6615.0,465.0,512.0,501.0,1013.0,347.0,2711.0
Robeson County,2020,4279.0,3820.0,7783.0,11970.0,5145.0,6126.0,1366.0,7644.0,11321.0,28299.0,7048.0,8675.0,16786.0,2055.0,8764.0,1730.0,1350.0,3211.0,148.0,2355.0,137.0,6212.0,1408.0,206160.0,31920.0,16179.0,158061.0,20135.0,21401.0,22004.0,20682.0,21046.0,1448.0,483.0,468.0,951.0,9929.0,4360.0
Rockingham County,2020,86.0,2603.0,3257.0,10019.0,3268.0,3381.0,1385.0,4747.0,79.0,22281.0,4715.0,16907.0,9400.0,1205.0,66.0,1713.0,890.0,2173.0,141.0,1212.0,56.0,3898.0,926.0,111820.0,12443.0,19257.0,80120.0,11686.0,12317.0,12728.0,11674.0,11889.0,753.0,509.0,498.0,1006.0,121.0,7517.0
Rowan County,2020,61.0,1754.0,8579.0,19334.0,4451.0,4301.0,2948.0,7770.0,362.0,31767.0,5321.0,24609.0,15738.0,1382.0,60.0,3972.0,1771.0,3607.0,713.0,1711.0,21.0,6076.0,1464.0,189204.0,23071.0,42169.0,123964.0,17820.0,18694.0,19378.0,17844.0,18101.0,1244.0,527.0,506.0,1033.0,143.0,9995.0
Rutherford County,2020,7.0,705.0,2495.0,9247.0,2926.0,2056.0,1035.0,3104.0,107.0,15380.0,1689.0,13197.0,6917.0,955.0,33.0,1365.0,540.0,1185.0,178.0,806.0,28.0,2973.0,681.0,81202.0,11247.0,12212.0,57743.0,9018.0,9399.0,9719.0,9149.0,9263.0,641.0,529.0,524.0,1053.0,30.0,6120.0
Sampson County,2020,67.0,1755.0,2657.0,6132.0,2964.0,3232.0,490.0,3467.0,236.0,14874.0,4345.0,9616.0,7869.0,1196.0,163.0,1168.0,945.0,2094.0,260.0,946.0,59.0,3342.0,770.0,106250.0,14974.0,13596.0,77680.0,10426.0,10848.0,11239.0,10446.0,10565.0,711.0,524.0,523.0,1048.0,312.0,4703.0
Scotland County,2020,228.0,1816.0,1619.0,3665.0,1446.0,1117.0,242.0,1701.0,715.0,7943.0,3606.0,3344.0,4053.0,341.0,809.0,559.0,460.0,949.0,66.0,605.0,27.0,1652.0,399.0,65317.0,9455.0,12898.0,42964.0,5284.0,5540.0,5735.0,5242.0,5374.0,405.0,492.0,497.0,990.0,771.0,1677.0
Stanly County,2020,15.0,940.0,2959.0,7679.0,2875.0,1871.0,1331.0,3107.0,8.0,13944.0,1979.0,11593.0,6411.0,602.0,95.0,1769.0,1217.0,1980.0,304.0,796.0,40.0,2928.0,670.0,78991.0,8156.0,13514.0,57321.0,8711.0,9071.0,9289.0,8985.0,9039.0,592.0,544.0,533.0,1077.0,152.0,4413.0
Stokes County,2020,24.0,298.0,1328.0,4503.0,1571.0,1636.0,778.0,2120.0,84.0,13685.0,500.0,12949.0,4489.0,489.0,11.0,954.0,488.0,1169.0,111.0,573.0,41.0,1945.0,489.0,60621.0,6655.0,12662.0,41304.0,5471.0,5714.0,5896.0,5463.0,5478.0,416.0,521.0,522.0,1043.0,46.0,4212.0
Surry County,2020,32.0,377.0,3049.0,9103.0,3386.0,4404.0,1432.0,3620.0,50.0,14843.0,616.0,13541.0,7576.0,1355.0,18.0,1558.0,708.0,1405.0,216.0,961.0,48.0,3530.0,863.0,105623.0,14228.0,18581.0,72813.0,10599.0,10997.0,11346.0,10720.0,10789.0,754.0,546.0,539.0,1085.0,18.0,8954.0
Swain County,2020,347.0,6.0,444.0,2018.0,656.0,571.0,195.0,728.0,990.0,2927.0,44.0,1852.0,1742.0,183.0,423.0,274.0,146.0,243.0,22.0,202.0,16.0,610.0,116.0,22535.0,3791.0,3195.0,15549.0,1965.0,2077.0,2167.0,1856.0,2046.0,148.0,517.0,517.0,1034.0,751.0,1109.0
Transylvania County,2020,12.0,46.0,1626.0,8811.0,984.0,754.0,620.0,1351.0,0.0,6417.0,333.0,5962.0,2635.0,180.0,0.0,743.0,405.0,629.0,99.0,324.0,15.0,1126.0,242.0,38516.0,3461.0,12080.0,22976.0,3576.0,3726.0,3878.0,3565.0,3608.0,290.0,570.0,539.0,1109.0,108.0,2041.0
Tyrrell County,2020,0.0,356.0,172.0,322.0,125.0,146.0,45.0,104.0,11.0,1141.0,503.0,574.0,342.0,29.0,0.0,45.0,24.0,62.0,11.0,46.0,2.0,189.0,39.0,9053.0,990.0,850.0,7212.0,544.0,569.0,590.0,544.0,549.0,51.0,469.0,470.0,939.0,13.0,332.0
Union County,2020,92.0,2156.0,13383.0,54397.0,5990.0,5891.0,5515.0,17468.0,93.0,35678.0,5043.0,28813.0,33123.0,2707.0,60.0,7796.0,3431.0,6557.0,1130.0,6375.0,108.0,15234.0,3570.0,376350.0,32639.0,98359.0,245352.0,43682.0,45079.0,46068.0,43548.0,43925.0,2765.0,527.0,529.0,1057.0,156.0,11095.0
Vance County,2020,11.0,2516.0,1621.0,5288.0,1400.0,1566.0,685.0,2493.0,72.0,10511.0,5808.0,4050.0,5659.0,590.0,115.0,1172.0,529.0,1007.0,107.0,596.0,13.0,2084.0,505.0,59015.0,7484.0,6297.0,45234.0,7152.0,7496.0,7723.0,7088.0,7343.0,497.0,489.0,483.0,971.0,5.0,2051.0
Wake County,2020,654.0,11959.0,82290.0,395000.0,28508.0,21691.0,13575.0,59510.0,439.0,107876.0,34704.0,59245.0,130866.0,8610.0,355.0,32670.0,19790.0,34837.0,3997.0,33465.0,610.0,54477.0,12420.0,1544353.0,96523.0,459176.0,988653.0,166052.0,172292.0,178988.0,168369.0,170559.0,11537.0,580.0,577.0,1156.0,759.0,18656.0
Warren County,2020,87.0,1390.0,766.0,2224.0,644.0,758.0,207.0,992.0,330.0,5559.0,3133.0,1979.0,1842.0,257.0,222.0,226.0,65.0,188.0,37.0,228.0,162.0,955.0,200.0,23740.0,3042.0,3565.0,17133.0,5152.0,5385.0,5688.0,6208.0,6292.0,288.0,469.0,433.0,901.0,141.0,626.0
Washington County,2020,9.0,800.0,483.0,1058.0,474.0,807.0,154.0,635.0,0.0,2945.0,1192.0,1709.0,1526.0,175.0,0.0,154.0,45.0,97.0,28.0,184.0,6.0,553.0,123.0,16641.0,2645.0,1511.0,12485.0,1429.0,1488.0,1537.0,1362.0,1462.0,101.0,456.0,450.0,906.0,38.0,433.0
Watauga County,2020,0.0,99.0,15249.0,13965.0,1236.0,1193.0,891.0,1844.0,48.0,6857.0,178.0,6445.0,3554.0,424.0,54.0,1025.0,485.0,1094.0,57.0,1210.0,13.0,1500.0,335.0,49695.0,3837.0,14630.0,31227.0,4602.0,4775.0,4905.0,4672.0,4650.0,364.0,592.0,562.0,1154.0,99.0,2528.0
Wayne County,2020,79.0,3740.0,7762.0,16330.0,5057.0,5039.0,1539.0,6939.0,86.0,24991.0,9663.0,14307.0,14379.0,1961.0,56.0,2867.0,1647.0,2946.0,710.0,1636.0,167.0,5693.0,1225.0,173027.0,22056.0,20821.0,130150.0,18130.0,18988.0,19799.0,18019.0,18562.0,1321.0,508.0,499.0,1006.0,39.0,6962.0
Wilkes County,2020,10.0,410.0,2480.0,7888.0,2802.0,3204.0,1559.0,3352.0,68.0,15554.0,742.0,14268.0,7044.0,1054.0,5.0,1782.0,728.0,1477.0,167.0,758.0,52.0,2861.0,646.0,87805.0,10719.0,15094.0,61993.0,8717.0,9057.0,9330.0,8605.0,8671.0,610.0,539.0,542.0,1081.0,40.0,8112.0
Wilson County,2020,35.0,4865.0,4206.0,11154.0,3266.0,3989.0,962.0,4774.0,12.0,18080.0,7716.0,9364.0,9670.0,1456.0,73.0,2109.0,911.0,1685.0,392.0,1258.0,115.0,3776.0,801.0,104050.0,13437.0,19099.0,71513.0,12255.0,12766.0,13191.0,12376.0,12430.0,795.0,512.0,490.0,1002.0,19.0,3598.0
Yadkin County,2020,5.0,117.0,1388.0,3475.0,1661.0,1472.0,569.0,1757.0,20.0,9441.0,399.0,8610.0,3825.0,350.0,21.0,619.0,420.0,855.0,101.0,447.0,0.0,1603.0,359.0,51508.0,6762.0,7849.0,36898.0,4791.0,5004.0,5133.0,4962.0,4963.0,339.0,541.0,526.0,1067.0,21.0,3697.0
Yancey County,2020,5.0,14.0,604.0,2706.0,660.0,633.0,516.0,886.0,23.0,4668.0,43.0,4527.0,1464.0,270.0,13.0,581.0,150.0,236.0,56.0,137.0,5.0,644.0,140.0,23065.0,2539.0,3557.0,16969.0,1958.0,2040.0,2108.0,1902.0,1905.0,158.0,545.0,548.0,1093.0,11.0,1664.0
