area_name,year,Am. Indian Alaska Native Median Household Income,Am. Indian Alaska Native Per Capita Money Income (Census),Am. Indian Alaska Native Persons in Poverty,Am. Indian Alaska Native Population for Whom Poverty Is Determined,Annual Wages by Place of Work,Average Annual Employment by Place of Work,Average Annual Wage per Worker,Black Median Household Income,Black Persons for Whom Poverty Status Is Determined,Black Persons in Poverty,Black Unemployment Rate (ACS),Employed Females Age 16 Up,Employed Males Age 16 Up,Employment by Place of Residence,Estimated Median Family Income(HUD),Families in Poverty,Families in Poverty with Female Householder,Families in Poverty with Related Children,Families in Poverty/Female Householder & Children,"Families with Income $10,000-14,999","Families with Income $15,000-24,999","Families with Income $25,000-49,999","Families with Income $50,000 or More",Female Unemployment Rate (ACS),Females Age 16 Up in Labor Force,First Quarter Payroll by Place of Work,Hispanic Median Household Income,Hispanic Persons in Poverty,Hispanic Population for Whom Poverty is Determined,Labor Force by Place of Residence,Male Unemployment Rate (ACS),Males Age 16 Up in Labor Force,Manufacturing Employment by Place of Work,Manufacturing Employment for Residents Age 16 Up,Mean Family Income,Median Family Income,Median Female Income,Median Household Income,Median Income,Median Male Income,Nonagric. Wage & Salary Employment by Place of Work,Nonmanuf. Employment for Residents Age 16 Up,Nonmanufacturing Employment by Place of Work,Per Capita Money Income (Census),Percent  of White Persons in Poverty,Percent of Am. Indian Alaska Native Persons in Poverty,Percent of Black Persons in Poverty,Percent of Hispanic Persons in Poverty,Percent of Persons 65 Up in Poverty,Percent of Persons in Poverty,Percent of Related Children under 18 in Poverty,Percent of Related Children under 6 in Poverty,Persons 65 Up for Whom Poverty Status Is Determined,Persons 65 Up in Poverty,Persons for Whom Poverty Status Is Determined,Persons in Poverty,Related Children under 18 in Poverty,Related Children under 18-Poverty Status Determined,Related Children under 6 in Poverty,Related Children under 6-Poverty Status Determined,Unemployed Females Age 16 Up,Unemployed Males Age 16 Up,Unemployment Rate (ACS),Unemployment Rate by Place of Residence (Percent),Unemployment by Place of Residence,White Persons for Whom Poverty Status Is Determined,White Persons in Poverty
Alamance County,2020,47500.0,21847.0,90.0,681.0,2745533987.0,59769.0,45936.0,39764.0,32224.0,8034.0,9.13,38044.0,38033.0,74625.0,64200.0,4870.0,3277.0,3635.0,2819.0,1251.0,3367.0,9406.0,26388.0,2.8,40068.0,686665154.0,46068.0,5054.0,20784.0,80457.0,3.7,42160.0,8482.0,12276.0,83335.0,66737.0,265342.0,51580.0,317944.0,369402.0,54211.0,65476.0,45729.0,27944.0,11.97,13.22,24.93,24.32,8.97,15.42,21.9,21.6,27134.0,2433.0,161433.0,24893.0,7887.0,36014.0,2440.0,11296.0,1984.0,2320.0,4.18,7.3,5832.0,110861.0,13266.0
Alexander County,2020,58468.0,13170.0,0.0,288.0,324770665.0,8672.0,37450.0,42545.0,1264.0,395.0,3.74,7820.0,8794.0,16377.0,61000.0,891.0,375.0,671.0,311.0,177.0,780.0,2675.0,6226.0,3.4,8326.0,84106562.0,44929.0,633.0,1753.0,17694.0,3.3,9527.0,3278.0,4772.0,81515.0,63295.0,230351.0,51329.0,287683.0,363341.0,7631.0,12049.0,4353.0,27446.0,9.44,0.0,31.25,36.11,8.65,12.3,22.19,23.27,7344.0,635.0,35788.0,4403.0,1616.0,7283.0,503.0,2162.0,506.0,526.0,4.555,7.5,1317.0,31936.0,3014.0
Alleghany County,2020,0.0,0.0,0.0,50.0,107531734.0,3059.0,35153.0,0.0,160.0,114.0,0.0,2061.0,2401.0,3903.0,47900.0,559.0,256.0,468.0,237.0,208.0,443.0,981.0,1598.0,2.4,2177.0,25384893.0,26865.0,622.0,1075.0,4210.0,1.0,2572.0,584.0,519.0,69940.0,46953.0,203060.0,37158.0,239063.0,273449.0,2500.0,4068.0,1916.0,26026.0,22.13,0.0,71.25,57.86,13.19,22.61,40.38,45.51,2973.0,392.0,10977.0,2482.0,768.0,1902.0,238.0,523.0,116.0,46.0,2.46,7.4,307.0,10450.0,2313.0
Anson County,2020,0.0,28183.0,5.0,56.0,263859671.0,6874.0,38385.0,32237.0,11129.0,3177.0,10.72,5247.0,4899.0,9617.0,49100.0,975.0,730.0,726.0,658.0,256.0,988.0,1253.0,3063.0,3.2,5584.0,65368576.0,34337.0,103.0,966.0,10421.0,5.0,5627.0,1426.0,2748.0,64011.0,52429.0,242759.0,39799.0,259105.0,305712.0,6599.0,7605.0,5173.0,22483.0,8.8,8.93,28.55,10.66,15.72,18.77,31.32,41.49,4409.0,693.0,22715.0,4264.0,1511.0,4824.0,575.0,1386.0,311.0,521.0,5.695,7.8,805.0,10928.0,962.0
Ashe County,2020,0.0,18723.0,12.0,68.0,269289175.0,7024.0,38338.0,57353.0,172.0,65.0,62.5,5914.0,6215.0,11878.0,52900.0,811.0,407.0,556.0,289.0,98.0,919.0,2271.0,4368.0,2.9,6259.0,66174959.0,27303.0,407.0,1349.0,12663.0,2.0,6714.0,905.0,1420.0,64186.0,53971.0,251955.0,43030.0,278289.0,291819.0,6334.0,10971.0,5429.0,25282.0,14.74,17.65,37.79,30.17,8.73,14.83,20.0,19.38,6656.0,581.0,26703.0,3959.0,924.0,4620.0,268.0,1383.0,345.0,228.0,3.41,6.3,786.0,25631.0,3779.0
Avery County,2020,42625.0,5982.0,30.0,73.0,236967507.0,6413.0,36951.0,0.0,31.0,13.0,44.74,3142.0,3342.0,6825.0,48600.0,418.0,115.0,303.0,105.0,171.0,442.0,1278.0,2393.0,2.5,3312.0,53885981.0,31625.0,208.0,709.0,7286.0,2.7,3677.0,0.0,405.0,77244.0,56060.0,199419.0,42695.0,242374.0,290037.0,5757.0,6187.0,5757.0,24036.0,12.42,41.1,41.94,29.34,7.52,13.12,18.15,16.02,3752.0,282.0,14047.0,1843.0,436.0,2402.0,111.0,693.0,170.0,227.0,4.065,6.4,462.0,13674.0,1698.0
Beaufort County,2020,0.0,0.0,62.0,63.0,624600329.0,15341.0,40714.0,32397.0,11480.0,3172.0,11.89,9508.0,9795.0,18159.0,58300.0,1796.0,1023.0,1179.0,874.0,471.0,1092.0,2899.0,8189.0,3.4,10200.0,160015099.0,26944.0,1114.0,3531.0,19386.0,4.2,10946.0,2054.0,2732.0,78871.0,61890.0,249271.0,48051.0,292941.0,352649.0,14641.0,16948.0,12587.0,28077.0,13.99,98.41,27.63,31.55,11.56,17.79,27.05,35.0,10977.0,1269.0,46448.0,8263.0,2448.0,9051.0,888.0,2537.0,692.0,758.0,5.205,6.4,1228.0,33229.0,4650.0
Bertie County,2020,0.0,1687.0,0.0,4.0,201033895.0,5515.0,36452.0,26755.0,11019.0,3836.0,13.91,3537.0,3310.0,7132.0,45000.0,1017.0,705.0,705.0,593.0,193.0,489.0,1300.0,2293.0,4.6,3905.0,48164383.0,0.0,141.0,306.0,7618.0,4.9,3822.0,0.0,1315.0,69344.0,48806.0,206855.0,35042.0,209363.0,214291.0,3018.0,5640.0,3018.0,22245.0,8.38,0.0,34.81,46.08,15.29,24.99,35.29,22.24,4185.0,640.0,17702.0,4424.0,1125.0,3188.0,189.0,850.0,368.0,404.0,7.32,6.4,486.0,6242.0,523.0
Bladen County,2020,48824.0,29599.0,162.0,865.0,526461680.0,13074.0,40268.0,23973.0,11354.0,4481.0,5.09,6162.0,6187.0,13439.0,48600.0,1750.0,1109.0,1284.0,849.0,392.0,1486.0,1961.0,4040.0,2.0,6453.0,133699663.0,36802.0,866.0,2489.0,14485.0,2.9,6815.0,0.0,1383.0,68973.0,47105.0,206393.0,37188.0,246609.0,289575.0,6909.0,11182.0,6909.0,24752.0,15.25,18.73,39.47,34.79,15.53,24.34,35.19,33.52,7140.0,1109.0,32794.0,7982.0,2319.0,6590.0,610.0,1820.0,291.0,364.0,3.625,7.3,1046.0,18988.0,2895.0
Brunswick County,2020,57767.0,25831.0,39.0,823.0,1400350706.0,32691.0,42836.0,47022.0,12681.0,2135.0,6.74,26109.0,27093.0,47641.0,71600.0,3038.0,812.0,1624.0,651.0,710.0,2104.0,8151.0,28743.0,2.8,27875.0,354847367.0,38409.0,1854.0,6645.0,52246.0,2.9,29673.0,1422.0,3594.0,88026.0,71988.0,266112.0,59763.0,335819.0,418165.0,32366.0,50350.0,30944.0,34528.0,9.99,4.74,16.84,27.9,5.24,11.1,16.49,21.73,42786.0,2240.0,136325.0,15137.0,3401.0,20628.0,1395.0,6421.0,1766.0,1647.0,4.345,8.9,4605.0,114450.0,11438.0
Buncombe County,2020,75080.0,29025.0,60.0,783.0,5915464794.0,122520.0,48282.0,35967.0,15347.0,2813.0,5.88,62989.0,63206.0,125114.0,72500.0,3939.0,1626.0,2715.0,1346.0,1208.0,3730.0,13297.0,41477.0,1.6,64872.0,1502791664.0,36598.0,5268.0,17035.0,136480.0,2.3,67903.0,13166.0,12593.0,96530.0,73274.0,283217.0,55032.0,321200.0,372317.0,122521.0,115806.0,109355.0,33835.0,10.46,7.66,18.33,30.92,9.0,11.49,15.08,14.53,49932.0,4492.0,252803.0,29057.0,7015.0,46519.0,2150.0,14798.0,1871.0,2316.0,2.505,8.4,11366.0,222413.0,23266.0
Burke County,2020,42039.0,11923.0,242.0,813.0,1146541237.0,28502.0,40227.0,38359.0,4658.0,979.0,17.36,18664.0,19988.0,37019.0,61000.0,2959.0,1124.0,1840.0,824.0,946.0,1881.0,6566.0,13157.0,3.3,19905.0,281667125.0,30528.0,1832.0,5431.0,39887.0,4.2,22371.0,6798.0,9568.0,72495.0,56197.0,230956.0,43915.0,271381.0,317669.0,28401.0,29806.0,21603.0,25053.0,16.71,29.77,21.02,33.73,9.19,18.53,28.78,34.64,17706.0,1628.0,87642.0,16237.0,4653.0,16165.0,1692.0,4885.0,1241.0,1558.0,5.095000000000001,7.3,2869.0,74177.0,12393.0
Cabarrus County,2020,0.0,20847.0,190.0,665.0,3424830196.0,73986.0,46290.0,57615.0,38906.0,4882.0,8.83,50191.0,53028.0,100873.0,83500.0,3507.0,2042.0,2751.0,1850.0,957.0,2653.0,9212.0,39189.0,3.2,53037.0,868926609.0,53082.0,4980.0,22314.0,108444.0,3.5,57987.0,5205.0,9505.0,107970.0,85479.0,312015.0,71177.0,377267.0,450307.0,73988.0,95865.0,68783.0,33548.0,7.2,28.57,12.55,22.32,7.07,9.63,13.39,14.17,27250.0,1926.0,209691.0,20196.0,7114.0,53132.0,2229.0,15735.0,2760.0,2753.0,4.165,7.0,7571.0,145204.0,10453.0
Caldwell County,2020,0.0,19187.0,56.0,194.0,1058422009.0,24805.0,42670.0,29022.0,3316.0,1087.0,12.44,17149.0,18372.0,32931.0,61000.0,2526.0,1281.0,1684.0,930.0,598.0,2191.0,6459.0,12372.0,3.1,18221.0,282334825.0,32242.0,1017.0,4648.0,35754.0,4.3,20616.0,5881.0,8938.0,69238.0,56738.0,216645.0,46094.0,264011.0,321904.0,24310.0,27365.0,18429.0,24666.0,12.72,28.87,32.78,21.88,9.93,14.04,18.1,25.23,16249.0,1614.0,80770.0,11338.0,2890.0,15968.0,1148.0,4550.0,1069.0,1434.0,5.035,8.0,2823.0,71467.0,9093.0
Camden County,2020,0.0,0.0,0.0,24.0,48077855.0,1171.0,41057.0,66042.0,1181.0,26.0,10.32,2196.0,2163.0,4323.0,78200.0,191.0,141.0,154.0,141.0,0.0,82.0,909.0,2081.0,3.6,2350.0,11987110.0,73125.0,2.0,325.0,4574.0,6.5,2661.0,37.0,357.0,80046.0,69068.0,328064.0,63834.0,371635.0,446633.0,1152.0,4126.0,1115.0,28596.0,7.24,0.0,2.2,0.62,2.24,6.35,8.95,3.68,1874.0,42.0,10654.0,677.0,212.0,2370.0,25.0,680.0,154.0,272.0,6.705,5.5,251.0,8721.0,631.0
Carteret County,2020,0.0,26127.0,18.0,195.0,869754850.0,22654.0,38393.0,34808.0,3164.0,702.0,9.65,14793.0,15473.0,29373.0,68900.0,1172.0,500.0,725.0,431.0,288.0,1062.0,4109.0,13284.0,2.9,15763.0,209544541.0,46916.0,366.0,2938.0,31320.0,3.0,17365.0,912.0,1863.0,92573.0,74417.0,261327.0,57871.0,326700.0,415019.0,20871.0,28891.0,19959.0,34038.0,8.45,9.23,22.19,12.46,5.24,9.21,10.61,14.09,17026.0,893.0,67964.0,6260.0,1240.0,11682.0,483.0,3429.0,871.0,854.0,4.005,6.3,1947.0,60722.0,5130.0
Caswell County,2020,0.0,8188.0,0.0,49.0,111127903.0,2808.0,39575.0,46765.0,6850.0,1500.0,10.06,4782.0,4405.0,8869.0,54000.0,696.0,264.0,503.0,259.0,135.0,604.0,1552.0,3689.0,0.6000000000000001,4886.0,26881664.0,0.0,432.0,917.0,9620.0,5.4,5119.0,191.0,1219.0,72194.0,60319.0,231858.0,47938.0,256322.0,314369.0,2245.0,8162.0,2054.0,24121.0,12.78,0.0,21.9,47.11,11.68,16.16,25.66,34.0,4708.0,550.0,21371.0,3453.0,1017.0,3964.0,428.0,1259.0,57.0,520.0,4.33,7.8,752.0,13588.0,1736.0
Catawba County,2020,30605.0,23008.0,177.0,617.0,3899755167.0,83698.0,46593.0,36156.0,12191.0,3013.0,10.08,35053.0,38552.0,71632.0,61000.0,3847.0,1948.0,2922.0,1725.0,922.0,2598.0,10352.0,27504.0,3.7,37518.0,970769080.0,39476.0,4090.0,15556.0,77852.0,3.8,42231.0,22834.0,20071.0,84974.0,66210.0,255167.0,54690.0,316437.0,382602.0,83580.0,54808.0,60746.0,29364.0,10.03,28.69,24.71,26.29,8.21,12.38,17.62,20.25,27412.0,2251.0,155449.0,19246.0,5994.0,34027.0,2100.0,10370.0,2460.0,2349.0,4.88,8.0,6220.0,122522.0,12294.0
Chatham County,2020,0.0,20387.0,93.0,130.0,628060669.0,14944.0,42028.0,47017.0,8419.0,1974.0,6.57,15581.0,17221.0,33338.0,90900.0,1818.0,910.0,1009.0,481.0,820.0,1166.0,3172.0,15014.0,1.9,16195.0,154979016.0,50461.0,2158.0,8736.0,35248.0,3.2,18544.0,1413.0,4106.0,123277.0,88206.0,309881.0,69799.0,376013.0,487069.0,14361.0,29081.0,12948.0,45036.0,7.8100000000000005,71.54,23.45,24.7,6.71,10.74,15.98,20.64,17351.0,1165.0,72010.0,7736.0,2278.0,14256.0,825.0,3997.0,614.0,907.0,3.405,5.5,1910.0,57038.0,4455.0
Cherokee County,2020,24135.0,13325.0,96.0,474.0,276371973.0,7581.0,36456.0,23750.0,307.0,129.0,40.57,5389.0,5566.0,10084.0,51100.0,938.0,389.0,591.0,340.0,290.0,907.0,2343.0,4284.0,1.6,5589.0,67555436.0,37292.0,248.0,974.0,10952.0,3.1,6056.0,598.0,992.0,63319.0,52797.0,223531.0,40793.0,251878.0,298551.0,6690.0,10085.0,6092.0,24024.0,17.93,20.25,42.02,25.46,8.46,17.85,26.63,30.85,8259.0,699.0,28036.0,5004.0,1216.0,4567.0,406.0,1316.0,200.0,368.0,3.53,8.0,868.0,26136.0,4685.0
Chowan County,2020,0.0,22737.0,0.0,65.0,178227979.0,4497.0,39633.0,26863.0,4728.0,1535.0,3.76,2656.0,2985.0,5140.0,52300.0,724.0,440.0,508.0,404.0,164.0,291.0,957.0,2240.0,2.3,2794.0,41740239.0,0.0,15.0,468.0,5476.0,3.3,3238.0,474.0,643.0,65906.0,54538.0,237292.0,44050.0,324401.0,440319.0,4497.0,5044.0,4023.0,27254.0,12.07,0.0,32.47,3.21,11.65,19.58,32.36,40.03,3278.0,382.0,13724.0,2687.0,888.0,2744.0,315.0,787.0,138.0,180.0,3.9899999999999998,6.2,336.0,8286.0,1000.0
Clay County,2020,0.0,0.0,0.0,58.0,69825783.0,1981.0,35248.0,0.0,204.0,115.0,0.0,2070.0,2292.0,3778.0,50100.0,215.0,80.0,75.0,46.0,87.0,183.0,995.0,1808.0,2.0,2168.0,16504446.0,0.0,37.0,383.0,4079.0,1.4,2445.0,0.0,240.0,80997.0,54777.0,214544.0,42160.0,305349.0,363451.0,1765.0,4212.0,1765.0,32744.0,12.33,0.0,56.37,9.66,11.8,13.53,8.31,0.84,3432.0,405.0,11106.0,1503.0,154.0,1853.0,6.0,717.0,98.0,63.0,2.5700000000000003,7.4,301.0,10726.0,1323.0
Cleveland County,2020,0.0,25284.0,0.0,235.0,1490062182.0,34312.0,43427.0,32618.0,20034.0,6075.0,13.88,20075.0,20606.0,44634.0,52300.0,3770.0,2009.0,2608.0,1595.0,1053.0,2234.0,6044.0,13288.0,3.6,21594.0,376840566.0,37021.0,938.0,3572.0,48435.0,4.8,23184.0,6785.0,7936.0,68815.0,55121.0,220792.0,43512.0,262724.0,310948.0,30712.0,33487.0,23927.0,23061.0,16.04,0.0,30.32,26.26,14.59,19.13,28.23,27.62,17904.0,2612.0,95711.0,18306.0,5887.0,20854.0,1756.0,6358.0,1504.0,1811.0,5.77,7.9,3801.0,70695.0,11340.0
Columbus County,2020,41111.0,17148.0,394.0,1728.0,573381100.0,14937.0,38387.0,31266.0,15081.0,4672.0,7.84,10083.0,9952.0,20662.0,49600.0,2521.0,1415.0,1826.0,1123.0,469.0,1854.0,3688.0,7230.0,2.7,10726.0,139783796.0,26639.0,928.0,2824.0,22501.0,2.7,10787.0,1831.0,2298.0,65421.0,50411.0,231968.0,38487.0,257598.0,288717.0,13246.0,17933.0,11415.0,22426.0,17.94,22.8,30.98,32.86,15.47,22.08,30.21,40.95,10828.0,1675.0,52623.0,11619.0,3406.0,11276.0,1505.0,3675.0,627.0,603.0,4.130000000000001,8.2,1839.0,33726.0,6052.0
Craven County,2020,31902.0,18593.0,201.0,533.0,1830084741.0,38410.0,47646.0,35786.0,20630.0,4760.0,10.25,19325.0,20037.0,38121.0,66200.0,2921.0,1143.0,2127.0,1047.0,660.0,1736.0,6218.0,17304.0,3.0,20934.0,433111208.0,42986.0,1875.0,6630.0,40820.0,3.3,27962.0,3610.0,4717.0,84086.0,66298.0,250954.0,53894.0,318329.0,371866.0,38411.0,35260.0,34801.0,29908.0,9.96,37.71,23.07,28.28,8.98,14.33,22.0,25.58,19336.0,1736.0,96793.0,13874.0,4705.0,21386.0,1962.0,7669.0,1241.0,1376.0,4.23,6.7,2699.0,67577.0,6730.0
Cumberland County,2020,35930.0,17818.0,1146.0,3946.0,5338252738.0,114764.0,46515.0,41451.0,120312.0,28593.0,8.54,67608.0,57200.0,114386.0,58000.0,11950.0,7113.0,9013.0,6225.0,2827.0,6584.0,19584.0,45207.0,4.4,76515.0,1301778772.0,43851.0,7778.0,37321.0,126387.0,3.8,91069.0,5974.0,10438.0,72319.0,57586.0,244255.0,48177.0,301631.0,355322.0,114591.0,116303.0,108617.0,25648.0,13.88,29.04,23.77,20.84,11.88,18.75,25.77,28.43,39094.0,4643.0,317261.0,59484.0,20763.0,80573.0,8443.0,29700.0,5808.0,4939.0,5.225,9.5,12001.0,152224.0,21133.0
Currituck County,2020,0.0,12598.0,71.0,93.0,257663629.0,6745.0,38201.0,49931.0,1475.0,230.0,3.99,6287.0,6835.0,12976.0,82500.0,443.0,157.0,392.0,132.0,50.0,318.0,1000.0,6141.0,2.0,6534.0,58367256.0,65956.0,94.0,1102.0,13851.0,2.2,7568.0,71.0,994.0,98893.0,87778.0,334994.0,73741.0,421509.0,514646.0,5804.0,12317.0,5733.0,34726.0,7.3,76.34,15.59,8.53,5.19,8.23,9.42,6.91,4395.0,228.0,26956.0,2218.0,553.0,5869.0,122.0,1765.0,219.0,234.0,2.64,6.4,875.0,24053.0,1755.0
Dare County,2020,0.0,57433.0,0.0,47.0,690476047.0,18044.0,38266.0,0.0,1197.0,461.0,11.29,9201.0,8973.0,17636.0,69400.0,602.0,206.0,389.0,185.0,197.0,425.0,1971.0,7446.0,2.2,9566.0,151491436.0,41671.0,588.0,2629.0,19548.0,5.0,10161.0,515.0,904.0,97821.0,78462.0,325490.0,65420.0,357918.0,415965.0,17137.0,17588.0,16622.0,36532.0,7.14,0.0,38.51,22.37,2.9699999999999998,8.23,11.77,18.08,7800.0,232.0,36426.0,2998.0,793.0,6735.0,367.0,2030.0,346.0,755.0,4.54,10.0,1912.0,33212.0,2372.0
Davidson County,2020,0.0,9938.0,192.0,409.0,1859857850.0,42578.0,43681.0,34743.0,15283.0,3425.0,8.71,34715.0,39506.0,73311.0,59300.0,5343.0,3022.0,3853.0,2574.0,1365.0,3550.0,11542.0,28303.0,3.3,37003.0,468453154.0,36013.0,3599.0,12149.0,78916.0,3.2,42815.0,9606.0,13795.0,75785.0,63302.0,245542.0,50454.0,304128.0,363913.0,42497.0,61518.0,32891.0,26616.0,13.96,46.94,22.41,29.62,9.6,15.15,23.6,26.54,29505.0,2832.0,164482.0,24925.0,8424.0,35688.0,2935.0,11059.0,2288.0,2068.0,4.300000000000001,7.2,5605.0,139288.0,19447.0
Davie County,2020,0.0,8205.0,52.0,267.0,517337426.0,12406.0,41701.0,29566.0,1965.0,331.0,2.96,9588.0,10200.0,18709.0,68600.0,1225.0,491.0,751.0,362.0,338.0,619.0,1969.0,8131.0,2.2,9987.0,129750504.0,52037.0,917.0,2940.0,20079.0,2.7,11010.0,3570.0,4281.0,91984.0,73817.0,274659.0,62028.0,342155.0,400664.0,11482.0,15830.0,7912.0,32638.0,13.07,19.48,16.84,31.19,8.06,13.72,21.67,30.01,8651.0,697.0,42261.0,5799.0,1950.0,8997.0,808.0,2692.0,399.0,445.0,3.19,6.9,1370.0,37500.0,4901.0
Duplin County,2020,100216.0,34785.0,0.0,222.0,721392160.0,18384.0,39240.0,29290.0,13413.0,3244.0,7.83,11857.0,12850.0,23420.0,46400.0,1890.0,1121.0,1512.0,965.0,537.0,1190.0,3966.0,8129.0,3.2,12638.0,175384233.0,42214.0,3503.0,13202.0,24812.0,3.6,14301.0,6105.0,4889.0,63663.0,55763.0,210826.0,43422.0,249315.0,319814.0,16907.0,20395.0,10802.0,21145.0,16.49,0.0,24.19,26.53,10.26,18.18,29.16,32.16,10711.0,1099.0,58384.0,10613.0,4010.0,13753.0,1395.0,4338.0,781.0,816.0,4.6,5.7,1392.0,40310.0,6649.0
Durham County,2020,59636.0,29966.0,88.0,765.0,16933928325.0,212219.0,79795.0,46350.0,107053.0,17694.0,7.06,84594.0,78473.0,159304.0,90900.0,7051.0,4343.0,5496.0,3754.0,1985.0,4138.0,13485.0,52498.0,3.0,88735.0,4485931012.0,50306.0,10067.0,41795.0,170422.0,3.3,83986.0,28269.0,10967.0,108799.0,83872.0,357500.0,62812.0,385935.0,424732.0,212050.0,153440.0,183781.0,36759.0,10.07,11.5,16.53,24.09,7.37,13.5,19.65,20.8,40228.0,2964.0,303427.0,40972.0,12744.0,64858.0,4844.0,23284.0,4063.0,4035.0,3.87,6.6,11118.0,155253.0,15629.0
Edgecombe County,2020,0.0,25288.0,25.0,176.0,605530686.0,15146.0,39980.0,35050.0,29598.0,8102.0,10.97,11450.0,9472.0,18511.0,57700.0,2624.0,1779.0,2061.0,1578.0,438.0,1251.0,4388.0,6777.0,4.3,12442.0,150615052.0,39183.0,667.0,2503.0,20702.0,5.7,10899.0,2723.0,3980.0,60450.0,47094.0,247203.0,40489.0,267278.0,291302.0,13228.0,17283.0,10505.0,21595.0,14.36,14.2,27.37,26.65,12.94,22.28,36.29,42.86,10016.0,1296.0,51372.0,11446.0,4169.0,11488.0,1486.0,3467.0,979.0,1086.0,6.775,10.6,2191.0,20136.0,2892.0
Forsyth County,2020,50139.0,15512.0,321.0,1310.0,10193145380.0,181664.0,56110.0,36737.0,93996.0,22023.0,7.38,87195.0,86333.0,170449.0,68600.0,10181.0,5724.0,7820.0,4861.0,2158.0,6271.0,19566.0,60615.0,3.0,92013.0,2811309792.0,39968.0,14833.0,48927.0,184149.0,3.1,94037.0,15882.0,21939.0,93661.0,68887.0,279686.0,53583.0,330484.0,388619.0,181666.0,154210.0,165784.0,31201.0,12.18,24.5,23.43,30.32,8.87,15.83,23.95,24.57,59342.0,5261.0,367643.0,58180.0,20645.0,86202.0,6557.0,26688.0,4784.0,4415.0,3.945,7.5,13700.0,237910.0,28969.0
Franklin County,2020,34075.0,20558.0,119.0,644.0,566223279.0,11972.0,47296.0,50515.0,15601.0,2433.0,9.64,14863.0,15769.0,28909.0,94100.0,1589.0,697.0,1163.0,531.0,437.0,2041.0,3661.0,12143.0,3.3,15776.0,140746014.0,43500.0,1286.0,5831.0,31029.0,5.0,17637.0,2683.0,3561.0,79348.0,70061.0,268323.0,58172.0,314391.0,354618.0,11816.0,27559.0,9133.0,27588.0,8.83,18.48,15.6,22.05,7.01,11.42,17.85,19.91,11208.0,786.0,66459.0,7592.0,2638.0,14777.0,918.0,4611.0,913.0,1357.0,5.415,6.9,2120.0,44623.0,3941.0
Gaston County,2020,44167.0,19866.0,113.0,654.0,3088340508.0,70138.0,44032.0,43191.0,36175.0,6799.0,8.58,50241.0,52440.0,100744.0,83500.0,5717.0,2871.0,4285.0,2653.0,1198.0,3843.0,12594.0,36149.0,3.6,53629.0,773674435.0,42788.0,3634.0,15969.0,109526.0,3.9,57472.0,13895.0,16578.0,84202.0,66558.0,256201.0,53474.0,310838.0,374033.0,70031.0,87613.0,56136.0,28526.0,12.06,17.28,18.79,22.76,10.73,13.62,18.32,21.72,34769.0,3730.0,218537.0,29771.0,8916.0,48666.0,3371.0,15523.0,3388.0,3269.0,4.800000000000001,8.1,8782.0,165755.0,19983.0
Gates County,2020,54306.0,29625.0,0.0,93.0,63294693.0,1552.0,40783.0,34454.0,3604.0,976.0,19.85,2346.0,2504.0,4779.0,68000.0,342.0,249.0,243.0,213.0,163.0,262.0,809.0,1742.0,6.0,2644.0,14862073.0,0.0,0.0,11.0,5069.0,5.0,2764.0,144.0,769.0,71598.0,58200.0,245520.0,45871.0,315491.0,412852.0,1222.0,4112.0,1078.0,26053.0,7.07,0.0,27.08,0.0,15.88,12.99,18.07,12.88,2330.0,370.0,11443.0,1487.0,414.0,2291.0,59.0,458.0,289.0,229.0,7.515,5.8,290.0,7231.0,511.0
Graham County,2020,68750.0,20678.0,79.0,764.0,74744049.0,1910.0,39133.0,0.0,3.0,3.0,100.0,1657.0,1685.0,2772.0,49400.0,246.0,69.0,137.0,44.0,60.0,175.0,718.0,1189.0,1.9,1729.0,17021797.0,0.0,175.0,316.0,3077.0,1.5,1830.0,39.0,219.0,61184.0,51116.0,175406.0,42207.0,234465.0,314985.0,1843.0,3220.0,1804.0,23034.0,12.49,10.34,100.0,55.38,9.8,13.97,16.17,20.43,1909.0,187.0,8369.0,1169.0,267.0,1651.0,86.0,421.0,72.0,48.0,2.495,9.9,305.0,7326.0,915.0
Granville County,2020,0.0,20571.0,77.0,160.0,980480739.0,20122.0,48727.0,46452.0,16035.0,3698.0,5.94,13559.0,13271.0,27832.0,65300.0,1745.0,895.0,1063.0,790.0,721.0,962.0,3237.0,10060.0,2.5,14182.0,245440870.0,38902.0,764.0,4732.0,29566.0,3.0,14409.0,3948.0,4137.0,83823.0,67213.0,290257.0,56924.0,323224.0,357555.0,19840.0,23075.0,15892.0,27723.0,9.35,48.13,23.06,16.15,11.38,14.21,20.94,21.13,9790.0,1114.0,56599.0,8042.0,2459.0,11742.0,713.0,3374.0,602.0,744.0,3.6750000000000003,5.9,1734.0,34732.0,3248.0
Greene County,2020,0.0,3853.0,0.0,24.0,167806183.0,4356.0,38523.0,30544.0,5899.0,1671.0,8.01,3968.0,4094.0,9012.0,54100.0,661.0,372.0,567.0,359.0,205.0,558.0,1171.0,2602.0,2.1,4126.0,39604990.0,40325.0,1078.0,2986.0,9551.0,3.6,4755.0,291.0,1324.0,64585.0,55636.0,225005.0,43563.0,241285.0,273482.0,4263.0,7057.0,3972.0,19415.0,17.97,0.0,28.33,36.1,11.07,21.21,33.35,37.11,3226.0,357.0,18525.0,3929.0,1378.0,4132.0,439.0,1183.0,158.0,342.0,4.185,5.7,539.0,10950.0,1968.0
Guilford County,2020,39205.0,15462.0,696.0,2492.0,14300591236.0,270641.0,52840.0,43710.0,172542.0,39837.0,9.22,127704.0,125435.0,234933.0,66600.0,14556.0,8949.0,11446.0,7931.0,3345.0,9630.0,27419.0,84175.0,3.7,136251.0,3714989005.0,43569.0,10701.0,42170.0,256997.0,3.8,137265.0,31049.0,33148.0,93414.0,70547.0,279719.0,54794.0,331903.0,392348.0,270644.0,223870.0,239595.0,31798.0,9.61,27.93,23.09,25.38,10.42,15.28,21.58,23.5,78973.0,8226.0,513209.0,78408.0,25107.0,116328.0,8572.0,36480.0,8425.0,7572.0,4.745,8.6,22064.0,279667.0,26870.0
Halifax County,2020,27750.0,24134.0,641.0,1764.0,553817095.0,14761.0,37519.0,26810.0,25797.0,8579.0,7.87,9017.0,9567.0,18237.0,45200.0,3043.0,1968.0,2211.0,1689.0,857.0,1749.0,3949.0,6029.0,2.7,9595.0,139901401.0,50814.0,253.0,1436.0,20080.0,3.7,10465.0,2142.0,3633.0,60724.0,45252.0,186197.0,35904.0,228547.0,279477.0,14761.0,15112.0,12619.0,21902.0,15.6,36.34,33.26,17.62,18.66,25.63,36.38,38.11,10229.0,1909.0,49381.0,12654.0,3860.0,10609.0,1279.0,3356.0,578.0,724.0,4.785,9.2,1844.0,19555.0,3050.0
Harnett County,2020,29904.0,19484.0,287.0,1215.0,986679528.0,25257.0,39066.0,45848.0,27515.0,6247.0,7.87,26089.0,26901.0,48916.0,64800.0,3592.0,1838.0,2721.0,1662.0,1031.0,2133.0,6491.0,20860.0,3.6,28333.0,240024594.0,50349.0,3222.0,17173.0,52873.0,3.7,33637.0,1625.0,6104.0,77827.0,67029.0,232683.0,54565.0,303369.0,397034.0,21114.0,47842.0,19489.0,24693.0,13.44,23.62,22.7,18.76,13.16,15.82,21.54,21.58,16472.0,2168.0,130817.0,20694.0,7422.0,34461.0,2545.0,11793.0,1916.0,1887.0,4.885,7.6,3957.0,87340.0,11741.0
Haywood County,2020,0.0,17969.0,30.0,326.0,669681224.0,16736.0,40014.0,0.0,534.0,202.0,0.0,13937.0,13671.0,26503.0,60400.0,1654.0,947.0,1183.0,773.0,577.0,1368.0,3585.0,11029.0,1.7000000000000002,14416.0,166906287.0,37917.0,846.0,2557.0,28663.0,2.9,14828.0,2494.0,3352.0,78412.0,66508.0,253517.0,51548.0,304821.0,374341.0,16682.0,24675.0,14188.0,30336.0,11.44,9.2,37.83,33.09,6.31,12.21,20.12,29.0,14965.0,944.0,61111.0,7459.0,2161.0,10738.0,1047.0,3610.0,464.0,720.0,3.145,7.6,2160.0,57738.0,6606.0
Henderson County,2020,0.0,19102.0,1.0,322.0,1671313216.0,38654.0,43238.0,43013.0,3963.0,733.0,3.88,25556.0,27588.0,48836.0,72500.0,2511.0,1253.0,1703.0,1105.0,806.0,1818.0,6557.0,23351.0,1.4,26274.0,406826136.0,38250.0,2726.0,11634.0,52455.0,2.2,30042.0,4824.0,7575.0,87341.0,71966.0,268543.0,58928.0,330440.0,403040.0,37407.0,46996.0,32583.0,32306.0,9.24,0.31,18.5,23.43,6.02,10.48,16.26,19.43,29245.0,1762.0,114899.0,12038.0,3508.0,21572.0,1284.0,6609.0,700.0,1000.0,2.39,7.0,3618.0,104324.0,9640.0
Hertford County,2020,32917.0,16314.0,113.0,272.0,365948680.0,8784.0,41661.0,36692.0,13059.0,3161.0,10.87,4667.0,4098.0,8389.0,46100.0,706.0,460.0,487.0,409.0,151.0,539.0,1601.0,2749.0,4.0,5072.0,91771494.0,47955.0,211.0,500.0,9016.0,4.2,4756.0,957.0,1445.0,65058.0,53174.0,218548.0,42588.0,247346.0,296725.0,8358.0,7538.0,7401.0,21715.0,11.54,41.54,24.21,42.2,12.03,20.47,32.89,40.32,4615.0,555.0,21523.0,4406.0,1455.0,4424.0,481.0,1193.0,405.0,412.0,6.165,7.0,627.0,7512.0,867.0
Hoke County,2020,41410.0,17055.0,1180.0,4087.0,319850105.0,8417.0,38000.0,47852.0,17346.0,3506.0,5.69,10697.0,8986.0,18049.0,54800.0,1841.0,1045.0,1369.0,882.0,397.0,702.0,2793.0,7628.0,4.3,11857.0,76038944.0,50237.0,2294.0,7376.0,19759.0,4.1,12511.0,1908.0,2552.0,77026.0,62789.0,237655.0,51140.0,297099.0,394581.0,7010.0,17568.0,5102.0,23066.0,13.37,28.87,20.21,31.1,12.51,18.59,23.12,27.12,5266.0,659.0,52716.0,9800.0,3304.0,14293.0,1322.0,4874.0,904.0,814.0,5.57,8.7,1710.0,23531.0,3147.0
Hyde County,2020,0.0,0.0,0.0,0.0,60565743.0,1676.0,36137.0,27866.0,1184.0,463.0,16.62,905.0,958.0,1614.0,58100.0,309.0,145.0,265.0,145.0,55.0,149.0,293.0,764.0,1.6,935.0,13684819.0,64107.0,4.0,640.0,1796.0,2.7,1025.0,177.0,212.0,51893.0,51471.0,230318.0,46667.0,234025.0,245157.0,1494.0,1659.0,1317.0,17942.0,15.7,0.0,39.1,0.63,7.26,21.64,26.34,25.67,936.0,68.0,4560.0,987.0,285.0,1082.0,106.0,413.0,30.0,59.0,3.345,10.2,183.0,3044.0,478.0
Iredell County,2020,0.0,18767.0,137.0,539.0,4095239817.0,74527.0,54950.0,42445.0,21327.0,4267.0,7.4,40259.0,45678.0,82336.0,73100.0,3965.0,2219.0,2769.0,1902.0,921.0,2840.0,9922.0,34434.0,2.6,42190.0,978239790.0,47055.0,2639.0,13658.0,88854.0,3.6,49806.0,11389.0,16093.0,102334.0,73346.0,261063.0,62551.0,342914.0,452034.0,66988.0,71421.0,55599.0,35261.0,8.12,25.42,20.01,19.32,6.6,9.8,13.58,18.0,27989.0,1846.0,177084.0,17360.0,5451.0,40136.0,2022.0,11233.0,1914.0,2477.0,3.91,7.4,6519.0,141811.0,11519.0
Jackson County,2020,43833.0,24987.0,464.0,3208.0,574535768.0,13540.0,42432.0,36920.0,523.0,259.0,2.51,9303.0,9383.0,18286.0,60700.0,1160.0,544.0,648.0,427.0,343.0,551.0,2544.0,5942.0,3.6,9998.0,132843676.0,33681.0,944.0,2474.0,19785.0,2.7,10353.0,352.0,854.0,77469.0,63715.0,221012.0,46820.0,246719.0,285747.0,13473.0,18295.0,13121.0,25738.0,15.33,14.46,49.52,38.16,9.91,18.04,23.53,26.8,8500.0,842.0,39470.0,7120.0,1622.0,6894.0,528.0,1970.0,695.0,485.0,4.445,7.6,1499.0,32678.0,5008.0
Johnston County,2020,101310.0,40039.0,66.0,949.0,2257782786.0,50968.0,44298.0,50224.0,31976.0,5480.0,6.15,46316.0,49397.0,92056.0,94100.0,4510.0,2348.0,3718.0,2044.0,1063.0,3357.0,10495.0,35403.0,2.5,48374.0,571571692.0,40800.0,8400.0,27855.0,98297.0,3.0,54029.0,7495.0,10982.0,91284.0,74922.0,287705.0,61806.0,339163.0,407528.0,50718.0,86856.0,43223.0,29327.0,9.52,6.95,17.14,30.16,7.63,12.23,18.4,20.55,26574.0,2027.0,200982.0,24572.0,9302.0,50546.0,3111.0,15139.0,2044.0,2309.0,3.505,6.4,6241.0,151143.0,14396.0
Jones County,2020,13125.0,13528.0,27.0,89.0,58661575.0,1564.0,37507.0,28271.0,2769.0,874.0,22.39,1833.0,1825.0,3957.0,50100.0,469.0,207.0,308.0,157.0,166.0,354.0,547.0,1490.0,4.4,2025.0,13780606.0,30227.0,140.0,480.0,4199.0,4.2,2030.0,27.0,481.0,64262.0,55256.0,213785.0,38324.0,255222.0,351934.0,1315.0,3221.0,1288.0,22917.0,19.84,30.34,31.56,29.17,10.88,23.45,29.57,37.2,2179.0,237.0,9384.0,2201.0,514.0,1738.0,215.0,578.0,184.0,156.0,6.285,5.8,242.0,6034.0,1197.0
Lee County,2020,0.0,12165.0,285.0,412.0,1086679428.0,24712.0,43974.0,42700.0,11610.0,3107.0,6.71,12907.0,13792.0,23894.0,62100.0,1958.0,876.0,1483.0,725.0,415.0,1411.0,3678.0,9271.0,4.1,13942.0,275170086.0,41967.0,2655.0,11531.0,25965.0,2.6,15369.0,7448.0,6019.0,76237.0,59013.0,242011.0,52294.0,289751.0,350977.0,24715.0,21336.0,17267.0,25502.0,12.71,69.17,26.76,23.02,10.49,16.35,23.89,22.61,9683.0,1016.0,59749.0,9766.0,3392.0,14201.0,981.0,4339.0,1035.0,595.0,4.44,8.0,2071.0,43396.0,5514.0
Lenoir County,2020,0.0,25425.0,46.0,107.0,1171564943.0,27759.0,42205.0,33090.0,21423.0,6169.0,13.86,11245.0,11890.0,25892.0,51300.0,2231.0,1490.0,1816.0,1355.0,651.0,1076.0,3961.0,7533.0,5.4,12560.0,286315303.0,39841.0,1593.0,4393.0,27600.0,4.9,13424.0,7851.0,4124.0,71117.0,53964.0,226677.0,39923.0,261932.0,295383.0,27338.0,19385.0,19487.0,24894.0,14.96,42.99,28.8,36.26,15.97,21.97,34.64,35.16,10889.0,1739.0,55145.0,12113.0,4211.0,12155.0,1423.0,4047.0,1264.0,1043.0,6.875,6.2,1708.0,29232.0,4374.0
Lincoln County,2020,0.0,22528.0,0.0,143.0,1074579024.0,24053.0,44675.0,37740.0,4029.0,1161.0,13.8,18791.0,21045.0,40410.0,65500.0,2167.0,867.0,1371.0,767.0,789.0,1283.0,4964.0,16161.0,3.0,19842.0,277907385.0,51995.0,899.0,6075.0,43262.0,3.5,22951.0,4677.0,6908.0,94895.0,72078.0,273394.0,59592.0,338855.0,405768.0,23922.0,33631.0,19245.0,33197.0,11.12,0.0,28.82,14.8,10.6,12.21,14.95,16.52,14726.0,1561.0,83691.0,10216.0,2609.0,17457.0,831.0,5030.0,1051.0,1182.0,4.165,6.7,2852.0,74354.0,8267.0
Macon County,2020,60500.0,11835.0,24.0,224.0,422758234.0,10979.0,38506.0,25888.0,508.0,173.0,8.3,6514.0,7360.0,14416.0,54300.0,1070.0,454.0,714.0,400.0,310.0,707.0,2270.0,6242.0,3.3,7024.0,104636818.0,33500.0,856.0,2481.0,15449.0,1.5,7970.0,391.0,639.0,79178.0,60288.0,230835.0,45703.0,283580.0,344487.0,9965.0,13617.0,9574.0,29549.0,15.33,10.71,34.06,34.5,9.89,16.01,22.94,23.32,9972.0,986.0,34886.0,5585.0,1401.0,6106.0,416.0,1784.0,510.0,212.0,3.5599999999999996,6.8,1033.0,32540.0,4990.0
Madison County,2020,0.0,22769.0,18.0,57.0,145341218.0,3808.0,38167.0,78333.0,101.0,36.0,0.0,4576.0,4838.0,8926.0,72500.0,392.0,173.0,340.0,169.0,145.0,361.0,1252.0,3466.0,1.8,4740.0,34552218.0,66071.0,19.0,490.0,9587.0,1.9,5178.0,401.0,641.0,83622.0,69681.0,265221.0,46190.0,294602.0,336611.0,2955.0,8933.0,2554.0,27184.0,14.18,31.58,35.64,3.88,9.96,14.29,13.23,11.67,4648.0,463.0,20593.0,2942.0,493.0,3726.0,146.0,1251.0,164.0,172.0,2.565,7.0,661.0,19773.0,2803.0
Martin County,2020,0.0,20733.0,26.0,67.0,213561348.0,6251.0,34164.0,34956.0,9311.0,2153.0,15.01,4885.0,4448.0,8267.0,46500.0,1066.0,563.0,846.0,453.0,238.0,691.0,1630.0,3169.0,6.8,5569.0,51584073.0,23608.0,686.0,942.0,8884.0,4.2,5000.0,713.0,1341.0,65907.0,50769.0,229174.0,39909.0,276980.0,307835.0,5455.0,8169.0,4742.0,24108.0,15.83,38.81,23.12,72.82,13.3,20.44,32.02,36.17,5097.0,678.0,22288.0,4556.0,1392.0,4347.0,485.0,1341.0,684.0,357.0,7.645,7.0,617.0,11988.0,1898.0
McDowell County,2020,0.0,25430.0,17.0,64.0,609127892.0,15351.0,39680.0,34750.0,1296.0,606.0,10.24,9256.0,9642.0,19123.0,49100.0,1399.0,506.0,933.0,433.0,288.0,1064.0,4011.0,7468.0,2.7,9764.0,154219830.0,41229.0,751.0,2748.0,20555.0,3.5,10619.0,5687.0,5195.0,69440.0,54824.0,246499.0,47085.0,285109.0,320694.0,15315.0,14031.0,9628.0,25432.0,13.43,26.56,46.76,27.33,9.46,15.56,22.17,27.35,9127.0,863.0,44256.0,6887.0,1938.0,8740.0,677.0,2475.0,508.0,649.0,4.345,7.0,1432.0,40484.0,5438.0
Mecklenburg County,2020,38525.0,22464.0,870.0,3704.0,51179808430.0,692033.0,73956.0,51689.0,340280.0,47419.0,6.5600000000000005,282870.0,292263.0,569616.0,83500.0,19972.0,11959.0,16004.0,10563.0,4861.0,12014.0,45619.0,186296.0,3.1,297025.0,15053989113.0,50672.0,29629.0,144747.0,617543.0,3.7,316790.0,33043.0,46135.0,123073.0,85793.0,341737.0,69240.0,400873.0,475893.0,690823.0,537951.0,657780.0,40627.0,7.26,23.49,13.94,20.47,7.5,10.9,15.99,16.25,120608.0,9046.0,1078174.0,117474.0,40474.0,253093.0,13937.0,85772.0,13936.0,15055.0,4.045,7.8,47927.0,559916.0,40657.0
Mitchell County,2020,0.0,23642.0,29.0,77.0,180339482.0,4442.0,40599.0,0.0,5.0,5.0,100.0,2908.0,3441.0,5427.0,56400.0,303.0,90.0,179.0,74.0,97.0,224.0,1086.0,2570.0,3.3,3119.0,45966813.0,45227.0,262.0,848.0,5886.0,1.6,3720.0,0.0,937.0,78084.0,61051.0,252780.0,48841.0,296428.0,356499.0,3666.0,5585.0,3666.0,26975.0,11.67,37.66,100.0,30.9,9.78,12.35,13.8,17.27,3659.0,358.0,14570.0,1800.0,366.0,2652.0,134.0,776.0,211.0,99.0,3.465,7.9,459.0,13982.0,1632.0
Montgomery County,2020,0.0,6394.0,40.0,87.0,365090857.0,8883.0,41100.0,32000.0,4346.0,1178.0,7.88,5220.0,5305.0,10573.0,53900.0,769.0,414.0,507.0,350.0,225.0,696.0,1986.0,3912.0,2.4,5517.0,87842581.0,42153.0,704.0,4080.0,11328.0,1.1,5563.0,2868.0,2965.0,71953.0,55331.0,203863.0,45147.0,250734.0,300377.0,7582.0,7668.0,4714.0,23863.0,13.34,45.98,27.11,17.25,9.8,16.85,23.22,20.1,5438.0,533.0,26129.0,4403.0,1334.0,5745.0,327.0,1627.0,270.0,116.0,2.545,6.7,755.0,19919.0,2657.0
Moore County,2020,49615.0,17359.0,93.0,750.0,1555642532.0,34557.0,45017.0,40569.0,10686.0,2747.0,6.94,20588.0,20226.0,37796.0,88200.0,1594.0,870.0,1074.0,745.0,529.0,1217.0,4791.0,19323.0,2.3,21928.0,378678959.0,38059.0,1660.0,6769.0,40734.0,2.7,24309.0,1703.0,3503.0,103648.0,82797.0,273944.0,63324.0,354387.0,459679.0,34327.0,37794.0,32624.0,36184.0,8.19,12.4,25.71,24.52,6.64,10.52,14.78,15.5,23028.0,1530.0,97546.0,10260.0,3014.0,20398.0,1071.0,6908.0,980.0,1018.0,3.39,7.3,2938.0,79319.0,6498.0
Nash County,2020,50045.0,13922.0,91.0,499.0,1671268908.0,38294.0,43643.0,44731.0,37081.0,7845.0,7.92,21048.0,20608.0,38590.0,57700.0,2996.0,1740.0,2287.0,1526.0,947.0,1715.0,6227.0,15164.0,3.0,22285.0,428011580.0,43485.0,1847.0,6525.0,42129.0,5.7,23116.0,7373.0,6780.0,79336.0,61229.0,245784.0,49949.0,287947.0,351263.0,37049.0,35307.0,29676.0,27286.0,10.48,18.24,21.16,28.31,11.74,15.76,22.01,28.02,16789.0,1971.0,92179.0,14531.0,4446.0,20196.0,1676.0,5981.0,1219.0,2064.0,5.71,8.4,3539.0,47728.0,5003.0
New Hanover County,2020,0.0,24695.0,67.0,432.0,5839282405.0,112725.0,51801.0,40931.0,29618.0,9672.0,5.5600000000000005,57343.0,55468.0,112078.0,81000.0,4547.0,2727.0,3245.0,2262.0,966.0,3037.0,10102.0,37808.0,2.8,60212.0,1422487681.0,43658.0,2860.0,12726.0,120839.0,3.8,61241.0,4722.0,7074.0,109826.0,79830.0,278234.0,56689.0,341594.0,416658.0,112595.0,107559.0,107873.0,36324.0,11.41,15.51,32.66,22.47,8.42,14.63,17.81,17.43,40291.0,3394.0,224287.0,32805.0,7440.0,41774.0,2291.0,13147.0,2857.0,3413.0,4.15,7.3,8761.0,181222.0,20686.0
Northampton County,2020,0.0,17176.0,42.0,80.0,219560076.0,5324.0,41240.0,34145.0,10438.0,2546.0,10.56,3846.0,3433.0,6978.0,43700.0,824.0,562.0,604.0,455.0,269.0,727.0,1433.0,2578.0,2.4,4054.0,54537260.0,60250.0,210.0,419.0,7527.0,5.2,3887.0,429.0,1188.0,61398.0,48815.0,226974.0,38969.0,270358.0,297473.0,3499.0,6130.0,3070.0,23946.0,11.6,52.5,24.39,50.12,13.92,20.09,32.67,31.76,4822.0,671.0,18778.0,3773.0,1106.0,3385.0,316.0,995.0,208.0,415.0,5.699999999999999,7.3,550.0,7439.0,863.0
Onslow County,2020,43979.0,26221.0,117.0,788.0,1876764126.0,47850.0,39222.0,43419.0,25544.0,5144.0,6.28,32863.0,31562.0,59276.0,57700.0,4832.0,2535.0,3726.0,2082.0,1225.0,3528.0,12726.0,27325.0,4.6,38187.0,448440926.0,56629.0,2496.0,20394.0,63899.0,3.0,71233.0,919.0,2949.0,70695.0,57756.0,220616.0,51560.0,284801.0,324918.0,47005.0,62440.0,46086.0,24817.0,10.81,14.85,20.14,12.24,10.29,12.41,16.01,17.61,18042.0,1857.0,177251.0,21991.0,7572.0,47304.0,3403.0,19322.0,3053.0,2602.0,4.41,7.3,4623.0,131043.0,14169.0
Orange County,2020,51385.0,14333.0,47.0,689.0,4520399708.0,70002.0,64575.0,44843.0,14728.0,2471.0,4.64,36800.0,34382.0,73636.0,90900.0,1700.0,890.0,1189.0,752.0,518.0,1038.0,4149.0,26399.0,2.5,38438.0,1142871302.0,62797.0,2221.0,11629.0,77808.0,2.5,37272.0,1540.0,3928.0,145740.0,104734.0,298254.0,74803.0,363000.0,443124.0,69806.0,68702.0,68266.0,42872.0,11.57,6.82,16.78,19.1,5.24,12.4,9.68,13.34,20400.0,1069.0,134474.0,16670.0,2716.0,28064.0,1052.0,7884.0,1638.0,1410.0,3.24,5.4,4172.0,101481.0,11740.0
Pamlico County,2020,26250.0,21486.0,2.0,24.0,108328991.0,3163.0,34249.0,19669.0,2006.0,606.0,3.5300000000000002,2328.0,2102.0,4947.0,60400.0,358.0,118.0,229.0,86.0,100.0,295.0,795.0,2192.0,1.5,2407.0,25443615.0,33333.0,161.0,484.0,5242.0,2.5,2350.0,194.0,367.0,84626.0,64508.0,221859.0,48531.0,264880.0,332123.0,2664.0,4167.0,2470.0,28257.0,12.0,8.33,30.21,33.26,10.45,15.46,22.37,18.6,3705.0,387.0,11964.0,1850.0,421.0,1882.0,85.0,457.0,79.0,141.0,3.265,5.7,295.0,9378.0,1125.0
Pasquotank County,2020,112656.0,65755.0,0.0,60.0,620027963.0,14748.0,42041.0,49364.0,12793.0,2534.0,10.92,8174.0,8452.0,15306.0,66200.0,772.0,459.0,453.0,320.0,190.0,633.0,2022.0,6767.0,4.0,8964.0,148215866.0,39340.0,478.0,2157.0,16516.0,3.6,9915.0,635.0,1805.0,83447.0,72184.0,277673.0,54439.0,315744.0,404437.0,14571.0,15174.0,13936.0,26898.0,7.09,0.0,19.81,22.16,9.42,12.33,15.63,13.48,6486.0,611.0,36927.0,4553.0,1303.0,8337.0,383.0,2842.0,657.0,558.0,5.055,7.4,1211.0,21748.0,1542.0
Pender County,2020,41607.0,19844.0,22.0,147.0,482852757.0,12429.0,38849.0,35331.0,8323.0,2291.0,11.01,13274.0,13562.0,26157.0,67900.0,1356.0,534.0,1050.0,481.0,239.0,894.0,2598.0,10845.0,4.1,14327.0,117183285.0,31321.0,1641.0,4498.0,28001.0,4.9,15587.0,564.0,2351.0,94445.0,74992.0,261019.0,60044.0,308308.0,362681.0,12030.0,24961.0,11466.0,30666.0,9.87,14.97,27.53,36.48,7.01,14.04,18.94,20.58,10740.0,753.0,60483.0,8493.0,2540.0,13411.0,856.0,4159.0,1021.0,1205.0,5.9399999999999995,6.7,1844.0,47095.0,4649.0
Perquimans County,2020,0.0,12441.0,0.0,27.0,79055230.0,2089.0,37844.0,25959.0,3148.0,1139.0,10.27,2411.0,2796.0,4521.0,53300.0,436.0,233.0,236.0,197.0,95.0,314.0,898.0,2463.0,2.4,2552.0,18916382.0,0.0,41.0,369.0,4845.0,2.9,3097.0,35.0,587.0,73776.0,61471.0,213620.0,51036.0,295460.0,441518.0,1716.0,4727.0,1681.0,28160.0,4.26,0.0,36.18,11.11,8.41,12.12,13.33,19.09,3735.0,314.0,13407.0,1625.0,333.0,2498.0,121.0,634.0,141.0,157.0,3.88,6.8,324.0,9911.0,422.0
Person County,2020,0.0,23064.0,93.0,242.0,408675396.0,9326.0,43821.0,33678.0,9939.0,2275.0,10.64,9634.0,9314.0,16766.0,61800.0,1268.0,844.0,1151.0,838.0,317.0,907.0,2050.0,7043.0,4.1,10328.0,105358999.0,31667.0,1022.0,1751.0,18098.0,3.5,10097.0,1451.0,2565.0,83489.0,70814.0,291500.0,57323.0,331584.0,375023.0,9253.0,16613.0,7802.0,31605.0,12.01,38.43,22.89,58.37,9.2,16.26,32.79,30.4,7514.0,691.0,39063.0,6353.0,2656.0,8099.0,718.0,2362.0,694.0,542.0,4.88,7.4,1332.0,26208.0,3148.0
Pitt County,2020,0.0,21447.0,192.0,577.0,3668575705.0,74291.0,49381.0,37188.0,60758.0,18081.0,11.93,42192.0,40819.0,81504.0,66700.0,5465.0,3710.0,4430.0,3284.0,1361.0,3266.0,9667.0,25832.0,4.7,45915.0,924590380.0,40480.0,2316.0,11285.0,87449.0,5.6,46172.0,6509.0,8572.0,82442.0,63272.0,234399.0,49337.0,293777.0,361273.0,73746.0,75538.0,67237.0,27599.0,15.23,33.28,29.76,20.52,8.74,20.8,25.13,28.2,23317.0,2037.0,172623.0,35897.0,9383.0,37342.0,3386.0,12008.0,3698.0,3720.0,6.54,6.8,5946.0,96402.0,14684.0
Polk County,2020,0.0,0.0,75.0,75.0,176575177.0,4924.0,35860.0,35833.0,925.0,38.0,5.31,4214.0,4761.0,8392.0,60600.0,364.0,121.0,225.0,98.0,76.0,293.0,1545.0,3508.0,2.4,4440.0,42571958.0,41815.0,295.0,1227.0,8948.0,1.4,5004.0,324.0,1147.0,86663.0,65766.0,222772.0,52125.0,302170.0,381953.0,4438.0,7942.0,4114.0,32327.0,9.71,100.0,4.11,24.04,6.87,10.03,14.98,21.88,6218.0,427.0,20390.0,2046.0,497.0,3317.0,189.0,864.0,226.0,119.0,2.755,6.3,556.0,18547.0,1800.0
Randolph County,2020,18281.0,31913.0,85.0,435.0,1707135934.0,42547.0,40124.0,31532.0,8493.0,2274.0,5.85,30756.0,33882.0,59268.0,66600.0,4480.0,2205.0,3147.0,1862.0,1251.0,3012.0,10326.0,22681.0,3.2,32668.0,426590868.0,45146.0,3952.0,16673.0,63993.0,2.2,36503.0,13962.0,15041.0,71620.0,57375.0,237050.0,48984.0,290334.0,354871.0,38835.0,50875.0,24873.0,25246.0,12.7,19.54,26.77,23.7,8.54,14.62,19.12,22.07,24651.0,2105.0,141686.0,20714.0,6051.0,31640.0,2046.0,9271.0,1912.0,1222.0,3.585,7.5,4725.0,119396.0,15164.0
Richmond County,2020,21466.0,14342.0,450.0,1150.0,503086009.0,13149.0,38260.0,24864.0,13610.0,4439.0,12.88,9179.0,9287.0,15200.0,43300.0,2191.0,1498.0,1832.0,1354.0,764.0,1075.0,3105.0,6160.0,5.0,10105.0,123059097.0,42600.0,615.0,2910.0,16733.0,4.3,10557.0,3183.0,3196.0,62812.0,51754.0,225588.0,39051.0,261987.0,293337.0,13151.0,15540.0,9968.0,22068.0,17.01,39.13,32.62,21.13,14.68,22.4,38.69,43.11,7744.0,1137.0,43317.0,9702.0,3854.0,9961.0,1311.0,3041.0,926.0,753.0,6.34,9.2,1533.0,26454.0,4501.0
Robeson County,2020,33767.0,18684.0,14006.0,52729.0,1452799104.0,37944.0,38288.0,28274.0,29737.0,9881.0,10.79,24571.0,23225.0,45531.0,46200.0,6454.0,3674.0,4787.0,2933.0,1469.0,3880.0,8428.0,14039.0,3.4,26408.0,353528108.0,32382.0,4932.0,11493.0,49951.0,4.1,25859.0,7379.0,8202.0,61823.0,44909.0,210837.0,35362.0,240988.0,282656.0,37944.0,40154.0,30565.0,19388.0,20.28,26.56,33.23,42.91,20.47,27.06,39.85,44.2,19508.0,3993.0,128021.0,34641.0,12942.0,32473.0,4607.0,10423.0,1837.0,2001.0,5.4399999999999995,8.9,4420.0,34312.0,6958.0
Rockingham County,2020,39114.0,22268.0,4.0,473.0,900720224.0,23577.0,38203.0,36592.0,15769.0,3761.0,9.91,18939.0,20311.0,35723.0,61700.0,3478.0,1790.0,2587.0,1508.0,909.0,2090.0,6989.0,14291.0,3.9,20475.0,227149847.0,39628.0,2249.0,5603.0,38983.0,3.3,21979.0,5080.0,7138.0,70229.0,55678.0,218009.0,45697.0,282568.0,356741.0,21461.0,32595.0,16381.0,25268.0,14.7,0.85,23.85,40.14,10.4,17.93,28.66,37.88,17955.0,1868.0,89366.0,16024.0,5117.0,17852.0,2020.0,5332.0,1536.0,1158.0,4.925,8.4,3260.0,67315.0,9897.0
Rowan County,2020,70600.0,20473.0,155.0,771.0,2225290426.0,46275.0,48088.0,41477.0,21062.0,5282.0,11.92,29974.0,32235.0,59909.0,64400.0,4748.0,2405.0,3799.0,2151.0,1277.0,3050.0,8922.0,22123.0,3.9,32242.0,560660589.0,37237.0,4536.0,12588.0,65083.0,4.5,35710.0,5999.0,10103.0,79339.0,62091.0,244937.0,51054.0,297825.0,366850.0,46274.0,53088.0,40275.0,26789.0,13.59,20.1,25.08,36.03,8.58,16.22,24.94,32.88,23676.0,2032.0,136894.0,22210.0,7709.0,30905.0,3142.0,9556.0,2255.0,2482.0,5.53,8.0,5174.0,105571.0,14345.0
Rutherford County,2020,47154.0,22667.0,18.0,212.0,677451906.0,17388.0,38961.0,31705.0,5892.0,2211.0,10.72,12684.0,13700.0,22307.0,55800.0,2097.0,1135.0,1488.0,955.0,491.0,1739.0,5325.0,9373.0,3.5,13673.0,172527279.0,45982.0,646.0,3007.0,24587.0,3.7,15218.0,2572.0,5318.0,70268.0,53158.0,211167.0,43183.0,257895.0,320067.0,17282.0,21583.0,14710.0,24308.0,15.26,8.49,37.53,21.48,11.8,17.82,23.59,26.37,13895.0,1640.0,65387.0,11651.0,3118.0,13219.0,1040.0,3944.0,989.0,958.0,5.085,9.3,2281.0,56174.0,8572.0
Sampson County,2020,38750.0,18588.0,321.0,1302.0,716423906.0,17389.0,41200.0,33098.0,15767.0,5028.0,9.04,12292.0,13658.0,26837.0,49300.0,2342.0,1317.0,1901.0,1151.0,434.0,1928.0,4535.0,8626.0,3.5,13188.0,182313874.0,41289.0,3652.0,12553.0,28498.0,4.4,15612.0,2862.0,3885.0,70416.0,52517.0,214951.0,42914.0,256487.0,314534.0,15537.0,22855.0,12675.0,23502.0,18.62,24.65,31.89,29.09,11.25,21.7,34.3,39.66,11071.0,1245.0,62404.0,13541.0,5231.0,15251.0,2065.0,5207.0,893.0,1050.0,5.275,5.9,1661.0,38001.0,7075.0
Scotland County,2020,39000.0,17464.0,897.0,4045.0,451517635.0,11074.0,40773.0,27243.0,12580.0,5135.0,17.68,6085.0,6133.0,10034.0,44000.0,1909.0,1375.0,1470.0,1122.0,383.0,956.0,2167.0,3731.0,6.0,6926.0,111745725.0,46848.0,238.0,1034.0,11408.0,5.9,7117.0,2064.0,2705.0,62492.0,46269.0,192709.0,35936.0,241373.0,298430.0,9850.0,9691.0,7786.0,20975.0,16.86,22.18,40.82,23.02,14.76,27.25,42.47,50.39,5868.0,866.0,32717.0,8916.0,3314.0,7804.0,1371.0,2721.0,841.0,806.0,8.73,12.1,1373.0,14167.0,2388.0
Stanly County,2020,90234.0,21527.0,71.0,311.0,727235981.0,18458.0,39400.0,25081.0,6630.0,2739.0,10.06,13415.0,14797.0,27757.0,60700.0,1374.0,919.0,1195.0,865.0,437.0,710.0,3739.0,11141.0,2.7,14097.0,182807178.0,50321.0,384.0,2549.0,29630.0,3.2,16166.0,3098.0,4462.0,82763.0,68491.0,241120.0,54104.0,310409.0,375210.0,18161.0,24254.0,15063.0,26956.0,8.16,22.83,41.31,15.06,8.07,12.21,17.88,23.1,11255.0,908.0,60164.0,7348.0,2390.0,13366.0,1026.0,4441.0,682.0,801.0,3.875,6.4,1873.0,50446.0,4115.0
Stokes County,2020,0.0,15128.0,67.0,235.0,262334869.0,7478.0,35081.0,40822.0,1731.0,266.0,4.3,10135.0,10521.0,19638.0,68600.0,1517.0,780.0,901.0,545.0,365.0,751.0,3049.0,8187.0,1.8,10499.0,64524914.0,31991.0,636.0,1485.0,20991.0,3.8,11659.0,696.0,4387.0,73102.0,59377.0,253352.0,51668.0,315964.0,388531.0,7390.0,16686.0,6694.0,27979.0,12.92,28.51,15.37,42.83,10.08,13.63,19.4,23.2,9049.0,912.0,44976.0,6129.0,1617.0,8335.0,505.0,2177.0,364.0,699.0,3.77,6.5,1353.0,41773.0,5398.0
Surry County,2020,0.0,23770.0,33.0,238.0,1083452393.0,26848.0,40355.0,39323.0,2575.0,769.0,10.6,14836.0,16068.0,30404.0,59800.0,2278.0,1047.0,1510.0,929.0,676.0,1884.0,4689.0,11735.0,2.3,15517.0,267314020.0,46161.0,1754.0,7817.0,32639.0,3.0,17610.0,3861.0,5456.0,76731.0,62889.0,229614.0,44979.0,271953.0,334752.0,24457.0,26108.0,20596.0,26074.0,15.59,13.87,29.86,22.44,13.85,16.43,21.59,28.96,14143.0,1959.0,70941.0,11653.0,3212.0,14877.0,1269.0,4382.0,681.0,843.0,3.575,6.9,2236.0,63372.0,9880.0
Swain County,2020,49107.0,22442.0,551.0,4294.0,379359531.0,9674.0,39214.0,0.0,64.0,38.0,57.14,2938.0,2847.0,6351.0,47700.0,442.0,300.0,274.0,216.0,124.0,316.0,889.0,2302.0,4.3,3191.0,97384098.0,93796.0,170.0,858.0,6939.0,2.3,3087.0,0.0,180.0,69983.0,63789.0,228514.0,45554.0,256179.0,289740.0,9233.0,5718.0,9233.0,24234.0,15.38,12.83,59.38,19.81,8.57,16.96,24.09,45.83,2580.0,221.0,14039.0,2381.0,755.0,3134.0,390.0,851.0,253.0,127.0,4.65,8.4,588.0,9062.0,1394.0
Transylvania County,2020,0.0,19838.0,0.0,118.0,347100358.0,8908.0,38965.0,62536.0,1286.0,491.0,14.26,6868.0,7091.0,13278.0,56700.0,1008.0,455.0,663.0,406.0,235.0,748.0,2298.0,6093.0,2.2,7205.0,82223068.0,27159.0,315.0,1080.0,14146.0,3.4,7812.0,742.0,1616.0,80869.0,64537.0,242748.0,51509.0,297198.0,367983.0,8869.0,12590.0,8127.0,30577.0,13.33,0.0,38.18,29.17,7.87,14.44,23.5,23.41,10022.0,789.0,32984.0,4764.0,1230.0,5234.0,367.0,1568.0,337.0,474.0,4.07,6.2,868.0,30322.0,4043.0
Tyrrell County,2020,0.0,0.0,13.0,13.0,34066937.0,934.0,36474.0,31373.0,996.0,342.0,6.1,722.0,743.0,1238.0,42900.0,153.0,81.0,119.0,81.0,87.0,104.0,232.0,633.0,3.1,767.0,8180131.0,54135.0,48.0,164.0,1359.0,0.8,792.0,68.0,68.0,64470.0,52016.0,203555.0,38250.0,234443.0,256883.0,761.0,1429.0,693.0,21129.0,10.1,100.0,34.34,29.27,11.37,18.91,41.99,40.74,871.0,99.0,3178.0,601.0,207.0,493.0,55.0,135.0,45.0,17.0,2.875,9.1,121.0,2000.0,202.0
Union County,2020,71150.0,25006.0,105.0,568.0,3038030329.0,62819.0,48362.0,65442.0,26703.0,4075.0,8.69,53391.0,60022.0,113926.0,83500.0,3225.0,1689.0,2355.0,1377.0,865.0,2153.0,9347.0,48687.0,3.0,56188.0,751394265.0,65027.0,3711.0,26296.0,121173.0,3.3,66212.0,11583.0,14372.0,125021.0,94299.0,288552.0,82557.0,390148.0,494582.0,62098.0,102125.0,50515.0,37667.0,6.12,18.49,15.26,14.11,6.8100000000000005,7.43,9.2,9.78,29194.0,1987.0,232835.0,17290.0,5711.0,62048.0,1565.0,15996.0,2772.0,2943.0,3.915,6.1,7247.0,184963.0,11315.0
Vance County,2020,0.0,9878.0,409.0,499.0,531991128.0,13533.0,39311.0,35940.0,21699.0,5460.0,11.41,10137.0,8630.0,15388.0,48100.0,1629.0,1040.0,1239.0,956.0,318.0,1068.0,3006.0,5681.0,4.9,11085.0,133411453.0,40368.0,1111.0,3538.0,17120.0,4.4,9673.0,1342.0,2960.0,68783.0,51913.0,229680.0,41827.0,261052.0,298936.0,13462.0,16141.0,12120.0,23911.0,13.83,81.96,25.16,31.4,13.21,20.03,27.55,39.0,7904.0,1044.0,44051.0,8822.0,2871.0,10420.0,1188.0,3046.0,948.0,709.0,6.3149999999999995,10.1,1731.0,18390.0,2544.0
Wake County,2020,69318.0,31792.0,316.0,3253.0,35819007302.0,550680.0,65045.0,55473.0,214718.0,28820.0,7.45,276513.0,294560.0,546490.0,94100.0,14718.0,7230.0,11687.0,6355.0,3762.0,11312.0,35269.0,215819.0,2.8,288978.0,9324840025.0,56628.0,17637.0,109732.0,584089.0,3.1,316866.0,20235.0,48668.0,130935.0,104072.0,376387.0,83567.0,453079.0,554631.0,550679.0,530752.0,530444.0,42721.0,6.08,9.71,13.42,16.07,7.12,8.52,10.45,11.53,124884.0,8894.0,1068810.0,91083.0,26917.0,257483.0,9422.0,81710.0,12373.0,12979.0,3.5250000000000004,6.5,37598.0,681801.0,41457.0
Warren County,2020,32375.0,22946.0,229.0,1101.0,107325790.0,2978.0,36040.0,31400.0,9407.0,2510.0,10.94,4028.0,3300.0,5919.0,51100.0,828.0,625.0,628.0,595.0,194.0,713.0,1254.0,2529.0,4.0,4371.0,25462345.0,36359.0,146.0,719.0,6560.0,5.0,3936.0,364.0,1434.0,68638.0,50454.0,208241.0,37476.0,243012.0,311575.0,2961.0,6123.0,2597.0,25340.0,13.89,20.8,26.68,20.31,13.84,20.9,35.88,30.78,4900.0,678.0,18866.0,3943.0,1256.0,3501.0,330.0,1072.0,343.0,407.0,6.73,9.8,641.0,7389.0,1026.0
Washington County,2020,0.0,13323.0,0.0,50.0,128468195.0,3082.0,41683.0,20553.0,5669.0,2323.0,11.67,2114.0,2001.0,4034.0,50800.0,624.0,530.0,549.0,530.0,42.0,339.0,847.0,1258.0,3.5,2300.0,33084051.0,0.0,172.0,635.0,4392.0,3.2,2244.0,642.0,554.0,66894.0,47385.0,170214.0,30941.0,216381.0,341011.0,2774.0,3601.0,2132.0,23249.0,13.15,0.0,40.98,27.09,11.13,27.34,45.73,49.03,2802.0,312.0,11615.0,3175.0,1056.0,2309.0,176.0,359.0,186.0,141.0,5.225,8.2,358.0,5307.0,698.0
Watauga County,2020,0.0,15591.0,18.0,271.0,893255638.0,22180.0,40273.0,0.0,609.0,280.0,28.44,12465.0,13875.0,26261.0,69400.0,967.0,409.0,670.0,351.0,185.0,756.0,2318.0,7496.0,4.9,13675.0,217230535.0,31319.0,722.0,1719.0,27997.0,5.6,15909.0,589.0,1228.0,96531.0,75042.0,184107.0,46453.0,218020.0,254650.0,17424.0,25731.0,16835.0,27962.0,23.38,6.64,45.98,42.0,5.94,24.46,19.19,20.15,8748.0,520.0,49752.0,12171.0,1342.0,6995.0,454.0,2253.0,1210.0,1370.0,6.92,6.4,1736.0,46792.0,10938.0
Wayne County,2020,56313.0,28945.0,6.0,299.0,1674314538.0,40311.0,41535.0,37457.0,36716.0,9397.0,8.8,26236.0,25777.0,47430.0,54100.0,4821.0,3060.0,3699.0,2497.0,1304.0,2721.0,7887.0,18524.0,2.6,28017.0,403695590.0,40799.0,4847.0,14639.0,50708.0,3.6,31095.0,5300.0,7348.0,77949.0,59689.0,245113.0,47221.0,287661.0,349019.0,39101.0,45710.0,33801.0,26362.0,15.36,2.01,25.59,33.11,10.31,18.7,30.17,34.66,19991.0,2062.0,120744.0,22581.0,8700.0,28838.0,3360.0,9694.0,1329.0,1702.0,4.08,6.5,3278.0,75054.0,11530.0
Wilkes County,2020,0.0,11731.0,41.0,130.0,799144671.0,19998.0,39961.0,29559.0,2485.0,526.0,18.86,13885.0,15259.0,26544.0,53700.0,2342.0,1003.0,1763.0,909.0,551.0,1678.0,5101.0,11044.0,2.4,14583.0,198507747.0,45789.0,1397.0,4366.0,28483.0,3.5,16767.0,4209.0,5147.0,70035.0,57667.0,220946.0,44980.0,272404.0,326392.0,17085.0,24484.0,12876.0,25634.0,15.47,31.54,21.17,32.0,9.56,16.42,26.45,30.49,14351.0,1372.0,67194.0,11033.0,3530.0,13348.0,1156.0,3791.0,687.0,968.0,4.12,6.8,1939.0,60841.0,9415.0
Wilson County,2020,0.0,7606.0,289.0,372.0,1658649871.0,34954.0,47452.0,35021.0,31816.0,8264.0,14.99,18018.0,16486.0,31380.0,61000.0,2843.0,1433.0,2309.0,1344.0,781.0,2038.0,4879.0,11982.0,4.6,19619.0,438548083.0,29461.0,3336.0,8514.0,34441.0,5.7,18846.0,6936.0,5850.0,75219.0,60313.0,240306.0,44594.0,268873.0,311751.0,34133.0,29228.0,27197.0,24656.0,10.04,77.69,25.97,39.18,14.84,19.94,31.54,35.73,14289.0,2120.0,80062.0,15965.0,5825.0,18470.0,1887.0,5282.0,1589.0,1715.0,6.765,8.9,3062.0,39910.0,4006.0
Yadkin County,2020,42500.0,11822.0,11.0,120.0,356990918.0,9187.0,38858.0,26786.0,1175.0,209.0,3.75,7572.0,8804.0,16074.0,68600.0,991.0,405.0,761.0,333.0,156.0,980.0,2535.0,6252.0,3.4,8102.0,88096565.0,34985.0,1284.0,4138.0,17306.0,2.4,9512.0,2445.0,3447.0,76495.0,63053.0,245454.0,46954.0,297154.0,371382.0,8163.0,13242.0,5718.0,26907.0,12.81,9.17,17.79,31.03,7.8,14.11,22.47,23.03,7235.0,564.0,37199.0,5248.0,1734.0,7716.0,553.0,2401.0,530.0,366.0,3.9450000000000003,7.2,1231.0,34029.0,4358.0
Yancey County,2020,0.0,17385.0,22.0,93.0,171209122.0,4296.0,39853.0,0.0,73.0,3.0,8.82,3579.0,3690.0,7649.0,53400.0,461.0,199.0,330.0,185.0,61.0,402.0,1371.0,2963.0,2.4,3763.0,42307224.0,35382.0,348.0,928.0,8189.0,5.5,4202.0,1104.0,1247.0,72414.0,59923.0,223124.0,44554.0,270589.0,345400.0,3735.0,6096.0,2631.0,25767.0,13.77,23.66,4.11,37.5,7.84,14.66,21.1,21.73,4530.0,355.0,17716.0,2597.0,683.0,3237.0,218.0,1003.0,184.0,399.0,5.54,6.7,540.0,16897.0,2327.0
