area_name,year,Female-Other-Population Age 0-4,Female-Other-Population Age 5,Female-Other-Population Age 6-9,Female-Other-Population Age 10-12,Female-Other-Population Age 13,Female-Other-Population Age 14,Female-Other-Population Age 15,Female-Other-Population Age 16-17,Female-Other-Population Age 18,Female-Other-Population Age 19,Female-Other-Population Age 20-24,Female-Other-Population Age 25-29,Female-Other-Population Age 30-34,Female-Other-Population Age 35-39,Female-Other-Population Age 40-44,Female-Other-Population Age 45-49,Female-Other-Population Age 50-54,Female-Other-Population Age 55-59,Female-Other-Population Age 60-64,Female-Other-Population Age 65-69,Female-Other-Population Age 70-74,Female-Other-Population Age 75-79,Female-Other-Population Age 80-84,Female-Other-Population Age 85 and Over,Female-White-Population Age 0-4,Female-White-Population Age 5,Female-White-Population Age 6-9,Female-White-Population Age 10-12,Female-White-Population Age 13,Female-White-Population Age 14,Female-White-Population Age 15,Female-White-Population Age 16-17,Female-White-Population Age 18,Female-White-Population Age 19,Female-White-Population Age 20-24,Female-White-Population Age 25-29,Female-White-Population Age 30-34,Female-White-Population Age 35-39,Female-White-Population Age 40-44,Female-White-Population Age 45-49,Female-White-Population Age 50-54,Female-White-Population Age 55-59,Female-White-Population Age 60-64,Female-White-Population Age 65-69,Female-White-Population Age 70-74,Female-White-Population Age 75-79,Female-White-Population Age 80-84,Female-White-Population Age 85 and Over,Male-Other-Population Age 0-4,Male-Other-Population Age 5,Male-Other-Population Age 6-9,Male-Other-Population Age 10-12,Male-Other-Population Age 13,Male-Other-Population Age 14,Male-Other-Population Age 15,Male-Other-Population Age 16-17,Male-Other-Population Age 18,Male-Other-Population Age 19,Male-Other-Population Age 20-24,Male-Other-Population Age 25-29,Male-Other-Population Age 30-34,Male-Other-Population Age 35-39,Male-Other-Population Age 40-44,Male-Other-Population Age 45-49,Male-Other-Population Age 50-54,Male-Other-Population Age 55-59,Male-Other-Population Age 60-64,Male-Other-Population Age 65-69,Male-Other-Population Age 70-74,Male-Other-Population Age 75-79,Male-Other-Population Age 80-84,Male-Other-Population Age 85 and Over,Male-White-Population Age 0-4,Male-White-Population Age 5,Male-White-Population Age 6-9,Male-White-Population Age 10-12,Male-White-Population Age 13,Male-White-Population Age 14,Male-White-Population Age 15,Male-White-Population Age 16-17,Male-White-Population Age 18,Male-White-Population Age 19,Male-White-Population Age 20-24,Male-White-Population Age 25-29,Male-White-Population Age 30-34,Male-White-Population Age 35-39,Male-White-Population Age 40-44,Male-White-Population Age 45-49,Male-White-Population Age 50-54,Male-White-Population Age 55-59,Male-White-Population Age 60-64,Male-White-Population Age 65-69,Male-White-Population Age 70-74,Male-White-Population Age 75-79,Male-White-Population Age 80-84,Male-White-Population Age 85 and Over
Alamance County,2020,1565.0,330.0,1304.0,1176.0,410.0,380.0,381.0,749.0,373.0,385.0,1733.0,1671.0,1650.0,1588.0,1623.0,1710.0,1707.0,1736.0,1488.0,1271.0,1039.0,657.0,399.0,445.0,3116.0,591.0,2361.0,1964.0,709.0,766.0,747.0,1537.0,1087.0,1216.0,5072.0,3869.0,3998.0,3663.0,3719.0,4138.0,4392.0,4491.0,4229.0,3935.0,3445.0,2522.0,1761.0,2288.0,1684.0,318.0,1358.0,1156.0,401.0,367.0,354.0,732.0,355.0,361.0,1677.0,1542.0,1404.0,1149.0,1178.0,1458.0,1505.0,1444.0,1258.0,942.0,745.0,431.0,246.0,199.0,3239.0,622.0,2569.0,2110.0,770.0,756.0,809.0,1633.0,992.0,1113.0,4544.0,3576.0,3345.0,3134.0,3283.0,3801.0,3981.0,4135.0,3842.0,3219.0,2676.0,1954.0,1199.0,1028.0
Alexander County,2020,78.0,14.0,60.0,91.0,26.0,29.0,28.0,49.0,15.0,26.0,107.0,111.0,79.0,71.0,73.0,94.0,116.0,104.0,125.0,103.0,112.0,64.0,46.0,49.0,792.0,163.0,624.0,567.0,193.0,187.0,214.0,371.0,218.0,224.0,857.0,1042.0,971.0,956.0,934.0,1146.0,1152.0,1286.0,1149.0,1085.0,1023.0,778.0,497.0,456.0,73.0,20.0,62.0,75.0,31.0,34.0,22.0,55.0,38.0,28.0,146.0,125.0,152.0,196.0,194.0,156.0,152.0,156.0,120.0,73.0,70.0,50.0,30.0,10.0,801.0,144.0,663.0,504.0,179.0,207.0,179.0,356.0,150.0,132.0,947.0,1154.0,922.0,928.0,969.0,1097.0,1130.0,1233.0,1048.0,948.0,858.0,578.0,380.0,242.0
Alleghany County,2020,14.0,4.0,16.0,18.0,4.0,6.0,5.0,7.0,3.0,5.0,22.0,17.0,13.0,15.0,14.0,12.0,12.0,13.0,17.0,7.0,6.0,3.0,2.0,1.0,213.0,49.0,178.0,137.0,60.0,69.0,54.0,107.0,55.0,68.0,311.0,309.0,246.0,229.0,238.0,308.0,327.0,346.0,398.0,391.0,389.0,305.0,212.0,274.0,15.0,4.0,19.0,16.0,5.0,6.0,5.0,14.0,5.0,7.0,30.0,35.0,29.0,19.0,19.0,16.0,12.0,15.0,16.0,13.0,9.0,3.0,2.0,4.0,231.0,48.0,166.0,155.0,58.0,60.0,46.0,99.0,54.0,58.0,282.0,225.0,182.0,411.0,392.0,300.0,317.0,333.0,355.0,345.0,343.0,248.0,160.0,172.0
Anson County,2020,338.0,67.0,271.0,203.0,72.0,67.0,62.0,104.0,56.0,63.0,340.0,475.0,355.0,286.0,179.0,232.0,340.0,284.0,294.0,295.0,226.0,126.0,96.0,153.0,284.0,45.0,192.0,181.0,52.0,60.0,60.0,140.0,63.0,56.0,312.0,268.0,246.0,248.0,252.0,270.0,330.0,359.0,372.0,335.0,320.0,348.0,204.0,219.0,359.0,62.0,299.0,270.0,96.0,89.0,71.0,171.0,81.0,96.0,369.0,416.0,450.0,438.0,470.0,400.0,402.0,386.0,328.0,279.0,214.0,76.0,36.0,40.0,282.0,50.0,218.0,195.0,63.0,54.0,66.0,143.0,71.0,72.0,306.0,282.0,382.0,427.0,410.0,429.0,412.0,432.0,416.0,353.0,362.0,237.0,131.0,139.0
Ashe County,2020,22.0,4.0,7.0,19.0,12.0,16.0,10.0,16.0,4.0,5.0,35.0,36.0,24.0,26.0,32.0,28.0,39.0,40.0,40.0,46.0,30.0,14.0,10.0,14.0,506.0,106.0,467.0,406.0,148.0,146.0,130.0,264.0,126.0,132.0,614.0,610.0,637.0,708.0,703.0,761.0,813.0,960.0,985.0,995.0,936.0,711.0,564.0,532.0,11.0,2.0,11.0,13.0,6.0,7.0,7.0,17.0,9.0,11.0,35.0,31.0,40.0,34.0,36.0,40.0,41.0,40.0,35.0,37.0,35.0,19.0,11.0,9.0,520.0,108.0,499.0,451.0,125.0,129.0,146.0,275.0,149.0,136.0,694.0,699.0,679.0,760.0,749.0,786.0,837.0,934.0,875.0,876.0,809.0,585.0,383.0,303.0
Avery County,2020,19.0,9.0,26.0,20.0,5.0,5.0,7.0,12.0,19.0,21.0,63.0,56.0,51.0,26.0,25.0,23.0,21.0,21.0,22.0,14.0,8.0,9.0,7.0,4.0,339.0,57.0,265.0,210.0,82.0,71.0,64.0,174.0,103.0,107.0,478.0,517.0,488.0,388.0,434.0,446.0,464.0,519.0,543.0,533.0,528.0,372.0,289.0,313.0,14.0,2.0,11.0,7.0,4.0,2.0,2.0,4.0,8.0,10.0,82.0,39.0,56.0,94.0,96.0,89.0,103.0,90.0,67.0,31.0,17.0,6.0,5.0,2.0,328.0,65.0,285.0,238.0,79.0,79.0,72.0,150.0,73.0,112.0,558.0,496.0,537.0,590.0,576.0,683.0,665.0,682.0,618.0,529.0,507.0,328.0,211.0,228.0
Beaufort County,2020,411.0,84.0,324.0,257.0,108.0,82.0,80.0,177.0,97.0,92.0,339.0,322.0,258.0,309.0,372.0,363.0,376.0,452.0,553.0,533.0,379.0,251.0,141.0,156.0,685.0,144.0,610.0,480.0,172.0,176.0,185.0,355.0,179.0,171.0,799.0,864.0,868.0,861.0,874.0,965.0,949.0,1068.0,1207.0,1215.0,1300.0,1041.0,660.0,612.0,381.0,80.0,335.0,276.0,98.0,103.0,98.0,177.0,99.0,98.0,387.0,299.0,217.0,236.0,344.0,329.0,311.0,387.0,413.0,427.0,286.0,142.0,87.0,68.0,682.0,139.0,620.0,545.0,188.0,196.0,189.0,387.0,201.0,202.0,868.0,962.0,879.0,863.0,888.0,964.0,975.0,1057.0,1073.0,1049.0,1175.0,861.0,524.0,408.0
Bertie County,2020,288.0,59.0,256.0,232.0,81.0,88.0,80.0,145.0,53.0,54.0,332.0,419.0,476.0,464.0,325.0,306.0,303.0,336.0,403.0,404.0,205.0,136.0,155.0,245.0,139.0,21.0,96.0,85.0,32.0,29.0,30.0,42.0,16.0,12.0,115.0,208.0,230.0,174.0,147.0,178.0,172.0,239.0,255.0,250.0,251.0,181.0,141.0,160.0,301.0,61.0,262.0,244.0,88.0,78.0,66.0,146.0,118.0,111.0,361.0,314.0,495.0,563.0,446.0,275.0,213.0,300.0,344.0,287.0,177.0,73.0,32.0,106.0,133.0,20.0,114.0,92.0,45.0,38.0,32.0,77.0,48.0,50.0,146.0,118.0,202.0,265.0,212.0,184.0,217.0,289.0,257.0,230.0,237.0,144.0,107.0,99.0
Bladen County,2020,366.0,76.0,309.0,241.0,94.0,92.0,77.0,152.0,80.0,68.0,387.0,505.0,467.0,471.0,329.0,329.0,279.0,305.0,375.0,381.0,244.0,195.0,167.0,167.0,457.0,88.0,392.0,329.0,117.0,122.0,127.0,218.0,104.0,95.0,518.0,541.0,513.0,508.0,560.0,566.0,516.0,563.0,610.0,639.0,553.0,426.0,309.0,339.0,378.0,87.0,320.0,231.0,104.0,94.0,77.0,175.0,65.0,73.0,447.0,519.0,484.0,390.0,311.0,264.0,232.0,206.0,259.0,260.0,191.0,114.0,85.0,59.0,505.0,102.0,393.0,334.0,121.0,128.0,123.0,213.0,106.0,81.0,517.0,582.0,540.0,563.0,580.0,580.0,533.0,440.0,455.0,491.0,528.0,311.0,179.0,209.0
Brunswick County,2020,445.0,89.0,363.0,353.0,117.0,127.0,102.0,230.0,114.0,116.0,554.0,641.0,585.0,547.0,538.0,542.0,612.0,640.0,718.0,757.0,546.0,344.0,174.0,151.0,1958.0,462.0,1814.0,1466.0,528.0,532.0,541.0,994.0,446.0,420.0,1975.0,2418.0,3041.0,3314.0,3329.0,3221.0,3365.0,4226.0,5290.0,6189.0,6078.0,4122.0,2093.0,1536.0,477.0,103.0,374.0,383.0,142.0,136.0,135.0,253.0,125.0,117.0,591.0,684.0,558.0,538.0,530.0,523.0,563.0,581.0,630.0,640.0,499.0,317.0,120.0,107.0,2138.0,463.0,1969.0,1779.0,603.0,603.0,588.0,1138.0,575.0,507.0,2190.0,2489.0,3070.0,3355.0,3341.0,3379.0,3404.0,3871.0,4805.0,5680.0,5918.0,4323.0,2126.0,1327.0
Buncombe County,2020,797.0,177.0,701.0,691.0,232.0,223.0,228.0,458.0,227.0,223.0,1215.0,1318.0,1364.0,1191.0,1115.0,1012.0,964.0,1060.0,1061.0,1000.0,748.0,435.0,259.0,401.0,5262.0,1085.0,4363.0,3347.0,1177.0,1255.0,1204.0,2408.0,1226.0,1254.0,6255.0,6999.0,8224.0,8684.0,8220.0,7708.0,7771.0,8421.0,8923.0,8596.0,7602.0,5238.0,3424.0,4141.0,843.0,172.0,755.0,704.0,255.0,249.0,247.0,509.0,245.0,243.0,1130.0,1207.0,1188.0,1233.0,1023.0,981.0,884.0,979.0,965.0,829.0,638.0,367.0,209.0,160.0,5445.0,1154.0,4576.0,3508.0,1235.0,1281.0,1271.0,2620.0,1307.0,1380.0,6492.0,6952.0,7455.0,8249.0,8190.0,7785.0,7587.0,7596.0,7519.0,7302.0,6359.0,4273.0,2574.0,2212.0
Burke County,2020,337.0,70.0,275.0,257.0,96.0,98.0,103.0,203.0,95.0,94.0,459.0,539.0,425.0,328.0,338.0,357.0,377.0,350.0,329.0,334.0,252.0,146.0,105.0,106.0,1833.0,364.0,1413.0,1167.0,385.0,385.0,395.0,826.0,415.0,457.0,2230.0,2331.0,1962.0,1854.0,2073.0,2375.0,2562.0,2893.0,2891.0,2453.0,2350.0,1832.0,1214.0,1375.0,431.0,91.0,345.0,383.0,151.0,142.0,123.0,408.0,463.0,272.0,770.0,482.0,354.0,308.0,340.0,364.0,361.0,395.0,306.0,256.0,196.0,87.0,42.0,31.0,1796.0,366.0,1403.0,1171.0,412.0,403.0,415.0,1020.0,530.0,572.0,2629.0,2267.0,1452.0,1702.0,1884.0,2293.0,2757.0,2882.0,2627.0,2327.0,2164.0,1459.0,910.0,699.0
Cabarrus County,2020,2109.0,417.0,1786.0,1719.0,629.0,660.0,656.0,1278.0,587.0,585.0,2514.0,1974.0,2193.0,2905.0,3403.0,3245.0,2619.0,2016.0,1522.0,1209.0,956.0,648.0,404.0,345.0,3989.0,831.0,3378.0,2921.0,1087.0,1085.0,1070.0,2142.0,928.0,954.0,4173.0,4910.0,5194.0,5602.0,5605.0,6083.0,5962.0,5777.0,5280.0,4373.0,3648.0,2577.0,1707.0,1751.0,2246.0,421.0,1863.0,1756.0,644.0,644.0,676.0,1390.0,667.0,645.0,2594.0,1973.0,1760.0,2287.0,2702.0,2733.0,2252.0,1638.0,1225.0,841.0,683.0,403.0,231.0,112.0,4437.0,878.0,3520.0,3054.0,1109.0,1179.0,1165.0,2366.0,1127.0,1127.0,5063.0,4895.0,4420.0,4949.0,5100.0,5798.0,5921.0,5483.0,4872.0,3833.0,3203.0,2121.0,1093.0,799.0
Caldwell County,2020,211.0,35.0,156.0,176.0,79.0,71.0,68.0,136.0,58.0,71.0,349.0,275.0,210.0,222.0,250.0,264.0,257.0,281.0,268.0,233.0,201.0,128.0,63.0,88.0,1766.0,346.0,1376.0,1096.0,399.0,415.0,435.0,836.0,435.0,472.0,2350.0,2441.0,1940.0,1782.0,2005.0,2415.0,2717.0,2773.0,2598.0,2407.0,2168.0,1604.0,1143.0,1036.0,182.0,39.0,155.0,198.0,81.0,66.0,72.0,145.0,71.0,73.0,334.0,294.0,223.0,214.0,244.0,286.0,278.0,281.0,266.0,220.0,181.0,106.0,39.0,22.0,1847.0,389.0,1487.0,1207.0,413.0,416.0,402.0,801.0,419.0,443.0,2435.0,2501.0,1938.0,1750.0,2008.0,2458.0,2744.0,2636.0,2392.0,2188.0,1846.0,1295.0,766.0,570.0
Camden County,2020,29.0,7.0,28.0,26.0,14.0,14.0,12.0,22.0,14.0,18.0,62.0,52.0,32.0,37.0,46.0,58.0,58.0,76.0,64.0,72.0,43.0,40.0,21.0,20.0,196.0,41.0,165.0,131.0,48.0,44.0,47.0,124.0,58.0,51.0,265.0,290.0,279.0,284.0,254.0,325.0,338.0,334.0,318.0,220.0,201.0,155.0,100.0,85.0,25.0,5.0,33.0,46.0,11.0,15.0,18.0,32.0,14.0,11.0,79.0,80.0,39.0,39.0,59.0,52.0,57.0,68.0,80.0,52.0,46.0,32.0,12.0,11.0,231.0,43.0,145.0,124.0,62.0,63.0,53.0,111.0,41.0,49.0,203.0,320.0,315.0,295.0,223.0,309.0,308.0,359.0,302.0,231.0,187.0,131.0,72.0,68.0
Carteret County,2020,137.0,31.0,134.0,142.0,50.0,47.0,49.0,87.0,51.0,49.0,234.0,223.0,175.0,224.0,193.0,206.0,219.0,242.0,235.0,234.0,163.0,103.0,49.0,94.0,1166.0,260.0,1085.0,766.0,282.0,286.0,288.0,542.0,299.0,337.0,1571.0,1593.0,1478.0,1546.0,1609.0,1631.0,2019.0,2387.0,2657.0,2503.0,2339.0,1768.0,1113.0,1134.0,134.0,33.0,138.0,157.0,63.0,68.0,59.0,112.0,49.0,54.0,283.0,243.0,211.0,275.0,236.0,212.0,233.0,251.0,238.0,209.0,154.0,84.0,41.0,37.0,1234.0,270.0,1133.0,832.0,302.0,319.0,318.0,621.0,285.0,267.0,1460.0,1793.0,1774.0,1814.0,1647.0,1695.0,2009.0,2153.0,2298.0,2194.0,2185.0,1568.0,935.0,861.0
Caswell County,2020,166.0,35.0,133.0,115.0,44.0,50.0,38.0,87.0,44.0,37.0,214.0,252.0,246.0,250.0,187.0,189.0,197.0,290.0,297.0,339.0,259.0,154.0,143.0,143.0,341.0,62.0,294.0,208.0,62.0,78.0,77.0,161.0,55.0,59.0,329.0,491.0,410.0,377.0,372.0,469.0,488.0,547.0,583.0,528.0,456.0,356.0,221.0,203.0,157.0,33.0,124.0,113.0,38.0,42.0,28.0,64.0,37.0,55.0,190.0,295.0,346.0,383.0,273.0,245.0,241.0,312.0,267.0,220.0,194.0,102.0,69.0,52.0,351.0,70.0,290.0,205.0,78.0,92.0,101.0,202.0,101.0,102.0,418.0,467.0,483.0,437.0,451.0,520.0,544.0,594.0,591.0,516.0,454.0,326.0,155.0,116.0
Catawba County,2020,997.0,200.0,786.0,639.0,265.0,246.0,233.0,470.0,233.0,233.0,1104.0,1034.0,970.0,900.0,940.0,905.0,959.0,906.0,809.0,702.0,582.0,361.0,199.0,265.0,3083.0,666.0,2677.0,2231.0,813.0,791.0,793.0,1649.0,827.0,822.0,4035.0,4010.0,3572.0,3677.0,4021.0,4700.0,4842.0,4943.0,4899.0,4433.0,4100.0,2823.0,1789.0,1579.0,999.0,222.0,822.0,694.0,249.0,245.0,252.0,505.0,254.0,258.0,1128.0,1096.0,912.0,772.0,748.0,839.0,925.0,927.0,757.0,656.0,495.0,274.0,168.0,128.0,3239.0,677.0,2782.0,2302.0,803.0,856.0,820.0,1632.0,887.0,888.0,4210.0,4204.0,3311.0,3499.0,3879.0,4525.0,4652.0,4858.0,4480.0,3750.0,3274.0,2254.0,1295.0,809.0
Chatham County,2020,340.0,82.0,322.0,254.0,105.0,91.0,92.0,192.0,79.0,77.0,402.0,387.0,416.0,381.0,410.0,409.0,461.0,538.0,553.0,531.0,486.0,277.0,234.0,282.0,1184.0,248.0,1014.0,972.0,358.0,358.0,376.0,671.0,312.0,294.0,1221.0,1349.0,1606.0,1811.0,1892.0,2132.0,2222.0,2381.0,2567.0,2730.0,2548.0,1875.0,1174.0,1479.0,349.0,69.0,291.0,250.0,83.0,102.0,108.0,188.0,91.0,66.0,331.0,393.0,370.0,331.0,385.0,370.0,428.0,464.0,475.0,436.0,386.0,266.0,152.0,111.0,1339.0,246.0,1008.0,993.0,367.0,384.0,372.0,788.0,363.0,340.0,1564.0,1408.0,1315.0,1546.0,1689.0,1944.0,2142.0,2178.0,2242.0,2285.0,2038.0,1531.0,987.0,858.0
Cherokee County,2020,37.0,11.0,33.0,52.0,16.0,16.0,13.0,34.0,18.0,20.0,61.0,61.0,31.0,42.0,56.0,76.0,76.0,73.0,121.0,123.0,96.0,71.0,23.0,24.0,506.0,97.0,414.0,360.0,124.0,132.0,131.0,268.0,123.0,121.0,534.0,709.0,668.0,695.0,625.0,772.0,798.0,907.0,1027.0,1159.0,1176.0,935.0,575.0,623.0,48.0,10.0,37.0,34.0,14.0,12.0,12.0,30.0,14.0,22.0,122.0,74.0,46.0,44.0,53.0,73.0,81.0,94.0,100.0,114.0,98.0,57.0,29.0,30.0,622.0,104.0,417.0,368.0,151.0,150.0,110.0,264.0,140.0,108.0,629.0,670.0,617.0,661.0,625.0,719.0,830.0,861.0,962.0,998.0,1055.0,792.0,501.0,443.0
Chowan County,2020,144.0,27.0,137.0,121.0,35.0,28.0,34.0,60.0,28.0,37.0,143.0,156.0,171.0,121.0,125.0,95.0,109.0,177.0,183.0,195.0,142.0,81.0,65.0,96.0,191.0,42.0,168.0,138.0,49.0,56.0,51.0,94.0,49.0,41.0,186.0,227.0,238.0,295.0,258.0,249.0,252.0,320.0,323.0,341.0,347.0,286.0,192.0,214.0,159.0,36.0,155.0,117.0,38.0,40.0,40.0,64.0,33.0,38.0,205.0,213.0,160.0,151.0,119.0,76.0,90.0,144.0,133.0,128.0,109.0,76.0,37.0,50.0,180.0,40.0,158.0,136.0,46.0,46.0,44.0,94.0,59.0,35.0,182.0,240.0,245.0,264.0,244.0,242.0,240.0,303.0,292.0,296.0,273.0,203.0,166.0,133.0
Clay County,2020,7.0,1.0,10.0,14.0,4.0,4.0,3.0,8.0,4.0,3.0,26.0,17.0,8.0,15.0,13.0,11.0,19.0,28.0,19.0,22.0,21.0,5.0,2.0,2.0,189.0,42.0,152.0,142.0,39.0,55.0,50.0,96.0,41.0,50.0,220.0,231.0,249.0,269.0,265.0,287.0,294.0,339.0,448.0,486.0,496.0,361.0,236.0,247.0,15.0,3.0,17.0,13.0,5.0,6.0,3.0,7.0,5.0,8.0,22.0,17.0,7.0,8.0,17.0,14.0,18.0,24.0,20.0,23.0,21.0,17.0,8.0,3.0,237.0,38.0,178.0,158.0,53.0,61.0,58.0,153.0,62.0,46.0,274.0,249.0,294.0,278.0,248.0,298.0,298.0,297.0,384.0,384.0,440.0,327.0,191.0,192.0
Cleveland County,2020,790.0,155.0,696.0,634.0,206.0,218.0,196.0,370.0,203.0,217.0,1036.0,1068.0,818.0,740.0,740.0,808.0,909.0,894.0,840.0,704.0,548.0,352.0,224.0,179.0,1917.0,375.0,1477.0,1134.0,416.0,412.0,445.0,871.0,550.0,503.0,2453.0,2182.0,1916.0,1943.0,2113.0,2498.0,2684.0,2851.0,2759.0,2509.0,2421.0,1670.0,1091.0,933.0,808.0,169.0,731.0,658.0,203.0,200.0,200.0,405.0,198.0,219.0,1011.0,1061.0,725.0,595.0,607.0,646.0,710.0,675.0,674.0,596.0,410.0,219.0,112.0,51.0,2041.0,407.0,1546.0,1238.0,417.0,399.0,464.0,925.0,466.0,500.0,2455.0,2519.0,2000.0,1671.0,2002.0,2257.0,2669.0,2829.0,2550.0,2255.0,1972.0,1344.0,741.0,561.0
Columbus County,2020,547.0,106.0,408.0,308.0,94.0,101.0,103.0,224.0,121.0,139.0,613.0,347.0,184.0,250.0,457.0,561.0,545.0,649.0,736.0,642.0,511.0,338.0,247.0,191.0,826.0,165.0,594.0,463.0,167.0,190.0,171.0,398.0,219.0,218.0,871.0,758.0,677.0,815.0,964.0,1108.0,1157.0,1321.0,1244.0,1123.0,1161.0,849.0,560.0,563.0,536.0,109.0,537.0,398.0,139.0,138.0,143.0,280.0,134.0,174.0,789.0,805.0,859.0,802.0,661.0,483.0,492.0,623.0,469.0,404.0,355.0,205.0,124.0,91.0,878.0,184.0,720.0,587.0,188.0,203.0,208.0,413.0,213.0,210.0,912.0,972.0,1087.0,1021.0,967.0,1042.0,986.0,1028.0,909.0,862.0,775.0,516.0,315.0,290.0
Craven County,2020,911.0,190.0,748.0,654.0,225.0,210.0,213.0,368.0,219.0,232.0,1078.0,882.0,899.0,1049.0,946.0,822.0,752.0,1008.0,1068.0,975.0,773.0,454.0,274.0,340.0,2341.0,508.0,2235.0,1558.0,473.0,441.0,415.0,798.0,387.0,514.0,2655.0,1799.0,1923.0,2178.0,2067.0,1899.0,1844.0,2096.0,2217.0,2000.0,1949.0,1700.0,1156.0,1380.0,1022.0,195.0,849.0,773.0,220.0,205.0,223.0,403.0,219.0,256.0,1329.0,678.0,662.0,1049.0,815.0,682.0,625.0,837.0,869.0,723.0,551.0,346.0,186.0,122.0,2480.0,547.0,2292.0,1655.0,519.0,461.0,443.0,831.0,397.0,614.0,3907.0,1962.0,1488.0,2084.0,2129.0,2000.0,1936.0,1916.0,1845.0,1414.0,1264.0,1040.0,816.0,832.0
Cumberland County,2020,6555.0,1251.0,4956.0,4057.0,1340.0,1357.0,1263.0,2516.0,1327.0,1354.0,6941.0,6980.0,7325.0,6830.0,5690.0,5197.0,5163.0,5490.0,5278.0,4168.0,2987.0,2002.0,1291.0,1244.0,5991.0,1213.0,4429.0,2415.0,709.0,632.0,610.0,1164.0,613.0,865.0,6326.0,6363.0,5580.0,5566.0,5156.0,4060.0,3995.0,4967.0,4931.0,4405.0,3619.0,2604.0,1796.0,1844.0,6682.0,1259.0,5245.0,4298.0,1438.0,1350.0,1327.0,2564.0,1351.0,1522.0,7540.0,5592.0,4532.0,5431.0,4213.0,3714.0,3859.0,4178.0,4020.0,3023.0,2134.0,1238.0,752.0,606.0,6791.0,1421.0,5631.0,3399.0,1025.0,1037.0,977.0,1886.0,910.0,1456.0,10186.0,7508.0,4603.0,4993.0,4212.0,3693.0,4098.0,4713.0,4496.0,3877.0,3333.0,1968.0,1249.0,1031.0
Currituck County,2020,61.0,13.0,76.0,78.0,31.0,28.0,24.0,69.0,32.0,29.0,137.0,112.0,73.0,83.0,132.0,134.0,142.0,155.0,146.0,110.0,64.0,44.0,14.0,26.0,605.0,131.0,495.0,385.0,140.0,165.0,181.0,321.0,128.0,138.0,616.0,758.0,767.0,778.0,762.0,848.0,980.0,1040.0,973.0,781.0,623.0,446.0,255.0,165.0,63.0,14.0,49.0,53.0,23.0,23.0,29.0,50.0,27.0,28.0,125.0,101.0,68.0,61.0,100.0,105.0,127.0,111.0,123.0,70.0,58.0,23.0,15.0,4.0,616.0,122.0,462.0,430.0,145.0,148.0,160.0,324.0,154.0,153.0,606.0,827.0,788.0,771.0,773.0,931.0,971.0,1075.0,1027.0,744.0,579.0,411.0,229.0,152.0
Dare County,2020,74.0,10.0,71.0,63.0,19.0,26.0,20.0,31.0,20.0,24.0,80.0,69.0,91.0,117.0,91.0,69.0,79.0,88.0,82.0,75.0,44.0,19.0,15.0,16.0,721.0,163.0,642.0,523.0,171.0,170.0,192.0,378.0,142.0,109.0,596.0,909.0,1085.0,1117.0,1045.0,1044.0,1192.0,1434.0,1554.0,1430.0,1178.0,789.0,501.0,388.0,76.0,13.0,62.0,59.0,19.0,19.0,13.0,33.0,21.0,15.0,79.0,65.0,81.0,96.0,103.0,57.0,67.0,83.0,67.0,68.0,42.0,19.0,15.0,12.0,763.0,162.0,686.0,474.0,204.0,189.0,216.0,394.0,148.0,175.0,773.0,952.0,1086.0,1131.0,1064.0,1107.0,1165.0,1256.0,1306.0,1227.0,1063.0,702.0,469.0,340.0
Davidson County,2020,776.0,148.0,605.0,622.0,198.0,200.0,204.0,395.0,165.0,197.0,877.0,851.0,924.0,1011.0,932.0,966.0,912.0,911.0,872.0,680.0,530.0,356.0,246.0,218.0,3514.0,718.0,2896.0,2438.0,796.0,830.0,847.0,1830.0,792.0,804.0,4005.0,4153.0,4372.0,4309.0,4051.0,4851.0,5327.0,5564.0,5057.0,4425.0,4139.0,2947.0,1917.0,1743.0,798.0,167.0,595.0,644.0,226.0,236.0,230.0,470.0,192.0,185.0,907.0,907.0,940.0,858.0,810.0,819.0,853.0,837.0,811.0,567.0,462.0,267.0,160.0,97.0,3658.0,730.0,3003.0,2544.0,908.0,925.0,965.0,1906.0,808.0,875.0,4112.0,4444.0,4221.0,4119.0,4096.0,4628.0,5274.0,5387.0,5001.0,4064.0,3572.0,2364.0,1440.0,977.0
Davie County,2020,122.0,21.0,89.0,116.0,51.0,47.0,44.0,86.0,47.0,32.0,176.0,189.0,212.0,180.0,150.0,148.0,176.0,174.0,164.0,156.0,100.0,77.0,64.0,58.0,852.0,167.0,675.0,573.0,205.0,197.0,228.0,448.0,243.0,196.0,1041.0,1139.0,985.0,1095.0,1102.0,1307.0,1373.0,1522.0,1449.0,1340.0,1158.0,907.0,576.0,614.0,121.0,26.0,97.0,114.0,36.0,34.0,33.0,64.0,40.0,34.0,138.0,175.0,207.0,177.0,113.0,119.0,151.0,132.0,133.0,90.0,73.0,44.0,31.0,9.0,872.0,164.0,717.0,663.0,234.0,250.0,244.0,491.0,239.0,214.0,1152.0,1189.0,971.0,1019.0,1034.0,1209.0,1332.0,1407.0,1339.0,1219.0,1076.0,702.0,477.0,346.0
Duplin County,2020,617.0,128.0,492.0,313.0,104.0,104.0,113.0,199.0,98.0,110.0,618.0,606.0,497.0,435.0,371.0,334.0,427.0,431.0,395.0,366.0,300.0,222.0,133.0,229.0,1054.0,224.0,917.0,877.0,297.0,267.0,247.0,455.0,225.0,228.0,1131.0,1022.0,799.0,875.0,1071.0,1094.0,989.0,981.0,965.0,840.0,855.0,634.0,455.0,624.0,598.0,128.0,504.0,298.0,117.0,109.0,130.0,234.0,105.0,105.0,527.0,619.0,523.0,433.0,378.0,363.0,299.0,324.0,348.0,284.0,235.0,113.0,117.0,96.0,1148.0,247.0,951.0,828.0,277.0,264.0,257.0,519.0,233.0,229.0,1149.0,1023.0,1003.0,1227.0,1341.0,1283.0,1033.0,874.0,752.0,486.0,462.0,439.0,221.0,279.0
Durham County,2020,4902.0,1060.0,4295.0,3189.0,1013.0,977.0,948.0,1924.0,1317.0,1394.0,7277.0,7802.0,6384.0,4864.0,5501.0,5470.0,4661.0,4713.0,4401.0,3699.0,2678.0,1637.0,923.0,1011.0,5549.0,1109.0,4371.0,3115.0,991.0,910.0,832.0,1553.0,994.0,1281.0,5822.0,7365.0,9109.0,9140.0,6576.0,5407.0,4519.0,4449.0,4740.0,4570.0,3639.0,2334.0,1619.0,2291.0,4970.0,1058.0,4335.0,3201.0,1047.0,933.0,968.0,1781.0,883.0,1223.0,5957.0,6742.0,5226.0,3431.0,4112.0,4422.0,3833.0,3658.0,3111.0,2448.0,1875.0,1035.0,538.0,438.0,5647.0,1197.0,4536.0,3348.0,1031.0,964.0,856.0,1581.0,1202.0,1386.0,6210.0,6257.0,6704.0,6842.0,6624.0,6052.0,4815.0,4169.0,4014.0,3767.0,3072.0,1856.0,1078.0,993.0
Edgecombe County,2020,905.0,187.0,789.0,682.0,215.0,224.0,241.0,448.0,228.0,185.0,761.0,714.0,824.0,992.0,893.0,851.0,852.0,1169.0,1286.0,1250.0,884.0,589.0,405.0,423.0,446.0,80.0,368.0,299.0,118.0,103.0,110.0,255.0,125.0,98.0,350.0,316.0,474.0,624.0,585.0,651.0,685.0,800.0,841.0,798.0,752.0,506.0,340.0,345.0,998.0,208.0,876.0,766.0,237.0,244.0,234.0,415.0,212.0,233.0,801.0,483.0,295.0,570.0,757.0,729.0,841.0,1028.0,970.0,861.0,623.0,360.0,199.0,189.0,508.0,93.0,375.0,332.0,116.0,125.0,118.0,259.0,129.0,115.0,519.0,402.0,411.0,521.0,591.0,619.0,639.0,671.0,736.0,724.0,629.0,422.0,290.0,189.0
Forsyth County,2020,4448.0,951.0,3978.0,3007.0,1068.0,967.0,1010.0,1905.0,1094.0,1216.0,5316.0,5180.0,5454.0,4618.0,4296.0,4332.0,4183.0,4044.0,3692.0,3070.0,2341.0,1356.0,841.0,884.0,6381.0,1274.0,5282.0,4297.0,1440.0,1472.0,1521.0,3204.0,1606.0,1684.0,8143.0,8749.0,8859.0,8426.0,7748.0,7953.0,8505.0,9508.0,9107.0,8175.0,7059.0,4997.0,3593.0,4186.0,4474.0,934.0,3783.0,3014.0,1042.0,1002.0,939.0,1811.0,1030.0,1039.0,5135.0,5123.0,4667.0,3621.0,3431.0,3483.0,3393.0,3073.0,2810.0,2040.0,1598.0,884.0,501.0,349.0,6674.0,1372.0,5709.0,4517.0,1584.0,1597.0,1651.0,3220.0,1616.0,1730.0,8267.0,8186.0,7887.0,7601.0,7561.0,7425.0,7961.0,8341.0,8015.0,6815.0,5774.0,3775.0,2351.0,2049.0
Franklin County,2020,580.0,114.0,426.0,356.0,144.0,144.0,142.0,256.0,152.0,152.0,502.0,603.0,760.0,665.0,591.0,629.0,680.0,712.0,730.0,629.0,487.0,323.0,186.0,241.0,1230.0,247.0,943.0,871.0,307.0,318.0,326.0,608.0,303.0,314.0,1232.0,1235.0,1387.0,1387.0,1506.0,1709.0,1766.0,1892.0,1730.0,1604.0,1286.0,907.0,578.0,564.0,578.0,110.0,459.0,411.0,132.0,145.0,135.0,271.0,137.0,131.0,659.0,751.0,910.0,682.0,576.0,639.0,622.0,685.0,585.0,525.0,395.0,234.0,159.0,133.0,1277.0,254.0,1092.0,929.0,331.0,344.0,328.0,701.0,344.0,355.0,1397.0,1488.0,1371.0,1515.0,1550.0,1711.0,1751.0,1874.0,1739.0,1404.0,1187.0,733.0,425.0,290.0
Gaston County,2020,1606.0,318.0,1325.0,1255.0,483.0,469.0,452.0,908.0,461.0,442.0,2051.0,1827.0,2031.0,2201.0,2219.0,2376.0,2238.0,1986.0,1608.0,1316.0,1025.0,662.0,350.0,379.0,4519.0,935.0,3863.0,2866.0,1021.0,995.0,996.0,2042.0,1008.0,1089.0,5197.0,5119.0,5136.0,5257.0,5386.0,6365.0,6309.0,6296.0,5956.0,5461.0,4887.0,3237.0,2123.0,1956.0,1722.0,314.0,1280.0,1360.0,485.0,488.0,489.0,929.0,480.0,451.0,2032.0,1814.0,1560.0,1574.0,1622.0,1937.0,1843.0,1779.0,1470.0,1012.0,705.0,468.0,305.0,225.0,4925.0,1001.0,3958.0,2950.0,1078.0,1140.0,1147.0,2246.0,1093.0,1014.0,5039.0,5570.0,5471.0,4796.0,5045.0,5921.0,6239.0,6221.0,5543.0,4720.0,4032.0,2530.0,1439.0,1149.0
Gates County,2020,64.0,13.0,53.0,52.0,28.0,17.0,14.0,43.0,29.0,21.0,122.0,169.0,124.0,76.0,73.0,92.0,116.0,161.0,132.0,120.0,133.0,77.0,59.0,85.0,171.0,33.0,133.0,107.0,24.0,34.0,42.0,61.0,13.0,29.0,117.0,293.0,309.0,186.0,147.0,191.0,229.0,309.0,249.0,229.0,180.0,159.0,83.0,109.0,72.0,14.0,49.0,53.0,21.0,18.0,22.0,27.0,24.0,28.0,132.0,173.0,119.0,73.0,56.0,48.0,104.0,132.0,131.0,111.0,76.0,61.0,64.0,46.0,176.0,37.0,135.0,100.0,48.0,45.0,48.0,76.0,36.0,51.0,260.0,257.0,180.0,172.0,150.0,187.0,256.0,301.0,254.0,219.0,162.0,136.0,76.0,62.0
Graham County,2020,31.0,8.0,29.0,20.0,7.0,9.0,13.0,14.0,10.0,12.0,41.0,41.0,25.0,28.0,24.0,27.0,23.0,28.0,23.0,10.0,11.0,17.0,6.0,7.0,167.0,33.0,153.0,107.0,40.0,34.0,38.0,87.0,40.0,39.0,166.0,158.0,170.0,198.0,171.0,165.0,208.0,250.0,259.0,265.0,283.0,186.0,166.0,182.0,31.0,5.0,34.0,35.0,19.0,15.0,12.0,24.0,13.0,11.0,57.0,38.0,33.0,25.0,35.0,30.0,24.0,28.0,16.0,9.0,7.0,6.0,3.0,1.0,194.0,40.0,164.0,123.0,47.0,50.0,53.0,75.0,29.0,47.0,208.0,143.0,167.0,199.0,173.0,197.0,220.0,245.0,225.0,213.0,223.0,201.0,109.0,128.0
Granville County,2020,536.0,100.0,397.0,332.0,140.0,130.0,123.0,231.0,116.0,108.0,435.0,653.0,795.0,595.0,565.0,647.0,699.0,708.0,665.0,573.0,464.0,319.0,212.0,252.0,904.0,170.0,718.0,635.0,219.0,222.0,221.0,437.0,243.0,240.0,1076.0,1107.0,902.0,1000.0,1078.0,1268.0,1354.0,1438.0,1404.0,1086.0,955.0,636.0,455.0,399.0,509.0,117.0,418.0,358.0,149.0,153.0,138.0,297.0,134.0,281.0,1092.0,638.0,719.0,958.0,929.0,963.0,1019.0,892.0,783.0,618.0,496.0,274.0,158.0,146.0,940.0,183.0,760.0,688.0,240.0,255.0,256.0,543.0,269.0,257.0,1258.0,1284.0,1104.0,1130.0,1306.0,1575.0,1683.0,1739.0,1650.0,1297.0,1095.0,687.0,365.0,258.0
Greene County,2020,231.0,43.0,175.0,172.0,64.0,60.0,55.0,99.0,55.0,45.0,321.0,278.0,212.0,192.0,230.0,227.0,189.0,268.0,275.0,244.0,199.0,89.0,77.0,95.0,304.0,58.0,244.0,218.0,73.0,67.0,83.0,132.0,65.0,74.0,351.0,315.0,257.0,304.0,316.0,347.0,337.0,372.0,419.0,371.0,285.0,225.0,177.0,192.0,200.0,50.0,181.0,153.0,62.0,61.0,60.0,117.0,65.0,70.0,311.0,257.0,292.0,311.0,406.0,398.0,274.0,315.0,304.0,243.0,153.0,104.0,33.0,25.0,296.0,56.0,268.0,233.0,85.0,82.0,75.0,143.0,75.0,59.0,335.0,395.0,458.0,471.0,497.0,486.0,489.0,468.0,457.0,369.0,315.0,195.0,99.0,91.0
Guilford County,2020,8014.0,1591.0,6288.0,4848.0,1676.0,1668.0,1737.0,3413.0,2318.0,2892.0,12217.0,10031.0,10156.0,9500.0,8453.0,8439.0,8104.0,7455.0,6318.0,5256.0,4018.0,2415.0,1550.0,1629.0,6847.0,1380.0,5761.0,4385.0,1543.0,1583.0,1632.0,3425.0,2095.0,2456.0,11251.0,9814.0,9408.0,9349.0,8743.0,9243.0,10179.0,11136.0,11119.0,10045.0,8929.0,6136.0,4186.0,5286.0,8351.0,1604.0,6460.0,4927.0,1759.0,1727.0,1713.0,3452.0,2295.0,2691.0,11775.0,9586.0,7484.0,6924.0,6281.0,6328.0,6727.0,6037.0,5127.0,3859.0,2830.0,1647.0,942.0,679.0,7180.0,1484.0,5997.0,4677.0,1627.0,1675.0,1684.0,3475.0,1809.0,1880.0,9391.0,9930.0,9958.0,9150.0,8802.0,9208.0,9810.0,10379.0,10065.0,8682.0,7543.0,4915.0,3086.0,2726.0
Halifax County,2020,837.0,174.0,688.0,579.0,194.0,196.0,188.0,382.0,198.0,193.0,731.0,770.0,648.0,731.0,758.0,884.0,1017.0,1240.0,1218.0,1141.0,834.0,543.0,390.0,442.0,512.0,99.0,373.0,298.0,108.0,94.0,96.0,201.0,117.0,117.0,432.0,524.0,514.0,505.0,463.0,578.0,633.0,824.0,815.0,780.0,749.0,548.0,381.0,400.0,859.0,178.0,697.0,589.0,206.0,222.0,213.0,427.0,184.0,191.0,844.0,950.0,739.0,547.0,562.0,740.0,875.0,1006.0,1014.0,847.0,605.0,357.0,209.0,157.0,483.0,99.0,356.0,276.0,110.0,101.0,111.0,237.0,97.0,99.0,512.0,598.0,552.0,563.0,540.0,598.0,721.0,815.0,774.0,724.0,659.0,442.0,304.0,275.0
Harnett County,2020,1283.0,272.0,1104.0,937.0,340.0,350.0,312.0,638.0,344.0,349.0,1581.0,1609.0,1343.0,1343.0,1288.0,1295.0,1215.0,1094.0,1038.0,894.0,703.0,389.0,268.0,226.0,3173.0,666.0,2582.0,1958.0,694.0,677.0,647.0,1269.0,736.0,755.0,3167.0,2648.0,3042.0,3503.0,3306.0,3094.0,2891.0,2835.0,2597.0,2316.0,2021.0,1463.0,925.0,941.0,1401.0,294.0,1214.0,1034.0,374.0,368.0,391.0,729.0,372.0,369.0,1672.0,1460.0,1128.0,1121.0,1240.0,1200.0,1158.0,1054.0,964.0,735.0,543.0,359.0,179.0,128.0,3447.0,702.0,2660.0,2006.0,697.0,683.0,664.0,1314.0,658.0,657.0,3110.0,2937.0,3012.0,3244.0,3208.0,3160.0,2835.0,2712.0,2482.0,1994.0,1656.0,1176.0,738.0,474.0
Haywood County,2020,57.0,14.0,60.0,71.0,25.0,20.0,30.0,47.0,23.0,22.0,103.0,57.0,106.0,118.0,121.0,125.0,135.0,136.0,157.0,190.0,122.0,65.0,31.0,37.0,1301.0,262.0,1072.0,856.0,314.0,290.0,296.0,614.0,309.0,299.0,1307.0,1518.0,1636.0,1558.0,1564.0,1837.0,2042.0,2278.0,2276.0,2202.0,2169.0,1683.0,1239.0,1203.0,63.0,14.0,55.0,69.0,23.0,22.0,18.0,51.0,25.0,25.0,100.0,64.0,76.0,126.0,100.0,110.0,114.0,116.0,141.0,120.0,121.0,68.0,30.0,18.0,1429.0,294.0,1098.0,868.0,290.0,304.0,322.0,666.0,327.0,304.0,1540.0,1706.0,1616.0,1535.0,1479.0,1754.0,1867.0,2071.0,2005.0,1903.0,1880.0,1403.0,946.0,841.0
Henderson County,2020,216.0,47.0,189.0,211.0,90.0,102.0,89.0,172.0,87.0,75.0,356.0,317.0,272.0,350.0,342.0,362.0,382.0,405.0,439.0,450.0,357.0,242.0,105.0,102.0,2371.0,463.0,1930.0,1603.0,564.0,580.0,583.0,1176.0,554.0,467.0,2452.0,2622.0,2554.0,2736.0,2959.0,3198.0,3279.0,3788.0,3992.0,4067.0,4201.0,3558.0,2325.0,2547.0,236.0,52.0,199.0,238.0,85.0,81.0,85.0,152.0,77.0,82.0,387.0,305.0,238.0,291.0,308.0,341.0,353.0,341.0,397.0,390.0,326.0,230.0,117.0,53.0,2419.0,521.0,1986.0,1688.0,599.0,593.0,553.0,1260.0,589.0,509.0,2439.0,2843.0,2813.0,2724.0,2954.0,3168.0,3281.0,3341.0,3422.0,3430.0,3331.0,2629.0,1815.0,1896.0
Hertford County,2020,363.0,79.0,319.0,255.0,86.0,92.0,90.0,172.0,210.0,133.0,412.0,386.0,474.0,478.0,345.0,374.0,407.0,445.0,492.0,479.0,309.0,244.0,175.0,212.0,177.0,32.0,145.0,102.0,33.0,28.0,30.0,64.0,32.0,21.0,107.0,175.0,230.0,195.0,224.0,168.0,191.0,227.0,252.0,282.0,245.0,164.0,125.0,136.0,372.0,81.0,312.0,270.0,90.0,120.0,113.0,189.0,192.0,161.0,474.0,454.0,463.0,486.0,296.0,213.0,287.0,403.0,383.0,361.0,245.0,145.0,91.0,97.0,169.0,28.0,145.0,116.0,43.0,50.0,49.0,86.0,40.0,41.0,249.0,316.0,265.0,305.0,364.0,378.0,356.0,304.0,360.0,348.0,257.0,180.0,123.0,71.0
Hoke County,2020,907.0,189.0,746.0,659.0,218.0,188.0,221.0,417.0,218.0,240.0,1118.0,930.0,843.0,977.0,1014.0,934.0,821.0,873.0,836.0,661.0,480.0,256.0,190.0,181.0,1241.0,267.0,1105.0,771.0,236.0,232.0,194.0,359.0,168.0,188.0,691.0,374.0,591.0,1277.0,1154.0,904.0,663.0,631.0,582.0,493.0,397.0,217.0,147.0,147.0,899.0,192.0,742.0,597.0,225.0,213.0,223.0,429.0,222.0,222.0,1066.0,909.0,698.0,807.0,820.0,773.0,628.0,657.0,643.0,507.0,327.0,203.0,91.0,73.0,1334.0,294.0,1157.0,757.0,249.0,257.0,236.0,415.0,180.0,173.0,708.0,318.0,295.0,1132.0,1176.0,937.0,739.0,649.0,531.0,415.0,344.0,203.0,113.0,83.0
Hyde County,2020,25.0,3.0,18.0,23.0,7.0,8.0,2.0,17.0,9.0,5.0,31.0,48.0,16.0,19.0,7.0,6.0,30.0,20.0,43.0,56.0,52.0,24.0,16.0,39.0,65.0,18.0,75.0,41.0,19.0,19.0,22.0,28.0,12.0,18.0,88.0,78.0,45.0,68.0,86.0,111.0,96.0,106.0,119.0,137.0,95.0,66.0,57.0,55.0,23.0,4.0,14.0,9.0,6.0,1.0,1.0,3.0,1.0,1.0,7.0,47.0,97.0,140.0,115.0,91.0,76.0,60.0,40.0,44.0,20.0,12.0,11.0,10.0,73.0,16.0,86.0,67.0,20.0,15.0,21.0,32.0,15.0,24.0,87.0,97.0,72.0,111.0,139.0,139.0,101.0,109.0,130.0,132.0,78.0,53.0,35.0,32.0
Iredell County,2020,992.0,184.0,819.0,792.0,286.0,301.0,310.0,613.0,243.0,278.0,1069.0,1103.0,1158.0,1279.0,1227.0,1307.0,1239.0,1142.0,1069.0,816.0,651.0,423.0,281.0,268.0,3558.0,738.0,2909.0,2390.0,893.0,1000.0,1004.0,2116.0,1081.0,1051.0,4502.0,4196.0,4220.0,4830.0,4828.0,5756.0,6053.0,6218.0,5316.0,4411.0,3999.0,2787.0,1858.0,1514.0,1083.0,222.0,901.0,895.0,341.0,325.0,316.0,573.0,281.0,295.0,1264.0,1407.0,1193.0,1036.0,1111.0,1279.0,1269.0,1135.0,942.0,697.0,522.0,340.0,207.0,155.0,3796.0,731.0,2891.0,2587.0,923.0,1033.0,1015.0,2141.0,1117.0,990.0,4848.0,4739.0,4620.0,4571.0,4483.0,5442.0,5826.0,5848.0,5126.0,4176.0,3439.0,2313.0,1342.0,830.0
Jackson County,2020,236.0,47.0,176.0,139.0,53.0,57.0,39.0,89.0,70.0,81.0,355.0,327.0,295.0,220.0,192.0,186.0,192.0,227.0,193.0,180.0,146.0,80.0,57.0,54.0,659.0,148.0,594.0,449.0,134.0,157.0,160.0,268.0,474.0,660.0,2251.0,865.0,752.0,1037.0,885.0,843.0,913.0,984.0,1110.0,1154.0,1163.0,869.0,539.0,580.0,203.0,44.0,183.0,172.0,62.0,55.0,66.0,119.0,93.0,97.0,413.0,378.0,320.0,251.0,203.0,186.0,183.0,198.0,236.0,129.0,123.0,56.0,31.0,27.0,754.0,158.0,607.0,461.0,169.0,189.0,159.0,351.0,449.0,657.0,2541.0,902.0,887.0,1159.0,875.0,978.0,961.0,971.0,1044.0,1024.0,1061.0,755.0,431.0,399.0
Johnston County,2020,1555.0,297.0,1297.0,1128.0,404.0,403.0,421.0,826.0,404.0,449.0,1536.0,1524.0,1430.0,1698.0,2026.0,2015.0,1867.0,1631.0,1381.0,1211.0,810.0,495.0,330.0,351.0,4301.0,860.0,3723.0,3392.0,1242.0,1244.0,1217.0,2540.0,1223.0,939.0,4601.0,4720.0,5688.0,6151.0,6202.0,6453.0,6368.0,5924.0,5198.0,4455.0,3817.0,2514.0,1554.0,1278.0,1600.0,311.0,1351.0,1160.0,407.0,426.0,440.0,887.0,453.0,388.0,1728.0,1528.0,1449.0,1548.0,1667.0,1757.0,1683.0,1578.0,1272.0,989.0,726.0,393.0,199.0,114.0,4529.0,942.0,3859.0,3596.0,1323.0,1326.0,1350.0,2693.0,1309.0,1116.0,4840.0,4634.0,5495.0,5849.0,5912.0,6404.0,6147.0,5734.0,4738.0,3903.0,3115.0,1994.0,1133.0,635.0
Jones County,2020,52.0,13.0,63.0,59.0,21.0,20.0,14.0,39.0,9.0,16.0,76.0,101.0,132.0,119.0,70.0,61.0,83.0,123.0,140.0,137.0,93.0,62.0,56.0,80.0,160.0,32.0,135.0,120.0,34.0,36.0,33.0,52.0,28.0,25.0,118.0,163.0,247.0,178.0,142.0,151.0,187.0,237.0,241.0,231.0,203.0,137.0,90.0,87.0,64.0,15.0,49.0,38.0,18.0,21.0,22.0,29.0,5.0,11.0,97.0,128.0,145.0,121.0,54.0,47.0,47.0,93.0,87.0,93.0,74.0,35.0,35.0,33.0,179.0,37.0,144.0,112.0,41.0,40.0,33.0,62.0,32.0,26.0,143.0,157.0,186.0,221.0,156.0,175.0,190.0,217.0,237.0,221.0,180.0,115.0,73.0,70.0
Lee County,2020,589.0,107.0,471.0,404.0,136.0,138.0,113.0,251.0,110.0,107.0,593.0,578.0,559.0,544.0,577.0,524.0,463.0,498.0,499.0,456.0,329.0,211.0,133.0,163.0,1266.0,247.0,1134.0,905.0,328.0,309.0,317.0,618.0,303.0,267.0,1338.0,1386.0,1519.0,1582.0,1525.0,1570.0,1552.0,1591.0,1561.0,1390.0,1266.0,939.0,646.0,780.0,613.0,130.0,523.0,388.0,133.0,136.0,131.0,231.0,124.0,117.0,564.0,552.0,452.0,401.0,428.0,423.0,394.0,426.0,387.0,364.0,229.0,142.0,74.0,79.0,1402.0,268.0,1091.0,923.0,356.0,337.0,313.0,670.0,330.0,319.0,1524.0,1519.0,1396.0,1521.0,1459.0,1452.0,1512.0,1552.0,1390.0,1269.0,1057.0,760.0,407.0,416.0
Lenoir County,2020,826.0,163.0,648.0,539.0,182.0,196.0,187.0,316.0,153.0,177.0,782.0,723.0,607.0,706.0,714.0,762.0,782.0,947.0,1075.0,1000.0,724.0,401.0,278.0,329.0,708.0,142.0,554.0,500.0,189.0,216.0,193.0,326.0,162.0,163.0,799.0,823.0,931.0,889.0,803.0,886.0,971.0,1175.0,1203.0,1061.0,1035.0,795.0,557.0,568.0,838.0,171.0,716.0,541.0,180.0,201.0,208.0,385.0,191.0,204.0,885.0,883.0,497.0,620.0,606.0,579.0,573.0,763.0,798.0,717.0,493.0,222.0,141.0,137.0,720.0,143.0,568.0,467.0,194.0,186.0,199.0,404.0,189.0,164.0,857.0,947.0,957.0,792.0,715.0,912.0,977.0,1139.0,1072.0,915.0,819.0,589.0,382.0,324.0
Lincoln County,2020,203.0,40.0,137.0,173.0,73.0,66.0,65.0,132.0,75.0,70.0,297.0,275.0,233.0,249.0,306.0,340.0,350.0,343.0,293.0,262.0,200.0,98.0,81.0,87.0,1877.0,355.0,1445.0,1315.0,460.0,459.0,470.0,1000.0,442.0,455.0,2100.0,2140.0,2173.0,2295.0,2458.0,2935.0,3112.0,3139.0,2986.0,2521.0,2203.0,1491.0,903.0,720.0,207.0,35.0,162.0,220.0,85.0,79.0,82.0,166.0,77.0,78.0,320.0,270.0,237.0,269.0,329.0,349.0,359.0,341.0,305.0,246.0,194.0,104.0,48.0,41.0,1887.0,394.0,1585.0,1338.0,510.0,507.0,526.0,1086.0,504.0,479.0,2255.0,2354.0,2112.0,2228.0,2274.0,2808.0,3055.0,3142.0,2777.0,2331.0,1996.0,1324.0,719.0,459.0
Macon County,2020,55.0,11.0,34.0,34.0,15.0,13.0,18.0,37.0,27.0,27.0,84.0,88.0,61.0,47.0,38.0,54.0,65.0,72.0,87.0,78.0,61.0,35.0,21.0,6.0,737.0,149.0,573.0,496.0,188.0,180.0,181.0,358.0,162.0,151.0,855.0,928.0,879.0,885.0,747.0,898.0,954.0,1282.0,1384.0,1540.0,1477.0,1183.0,803.0,872.0,53.0,10.0,41.0,53.0,18.0,12.0,12.0,59.0,35.0,42.0,113.0,88.0,65.0,49.0,36.0,55.0,52.0,59.0,69.0,72.0,66.0,40.0,25.0,13.0,795.0,176.0,692.0,544.0,200.0,192.0,179.0,425.0,193.0,219.0,918.0,839.0,953.0,903.0,855.0,888.0,1012.0,1092.0,1231.0,1263.0,1243.0,981.0,625.0,617.0
Madison County,2020,11.0,2.0,14.0,16.0,5.0,4.0,6.0,15.0,14.0,26.0,46.0,45.0,47.0,21.0,31.0,25.0,49.0,45.0,47.0,46.0,20.0,13.0,10.0,20.0,492.0,113.0,348.0,235.0,86.0,95.0,93.0,224.0,175.0,228.0,681.0,447.0,455.0,516.0,568.0,633.0,642.0,696.0,768.0,792.0,691.0,497.0,339.0,308.0,11.0,1.0,10.0,14.0,8.0,7.0,5.0,30.0,25.0,23.0,53.0,69.0,58.0,18.0,23.0,24.0,37.0,32.0,40.0,38.0,24.0,14.0,4.0,6.0,466.0,96.0,379.0,291.0,109.0,99.0,102.0,247.0,180.0,221.0,674.0,507.0,559.0,484.0,560.0,615.0,651.0,709.0,703.0,702.0,629.0,452.0,253.0,211.0
Martin County,2020,273.0,60.0,225.0,209.0,70.0,72.0,66.0,116.0,54.0,49.0,236.0,260.0,251.0,242.0,252.0,298.0,348.0,360.0,467.0,442.0,362.0,224.0,156.0,175.0,291.0,67.0,223.0,175.0,46.0,56.0,68.0,129.0,52.0,69.0,329.0,315.0,319.0,352.0,307.0,363.0,435.0,506.0,506.0,510.0,447.0,335.0,255.0,226.0,290.0,54.0,237.0,206.0,76.0,72.0,61.0,142.0,54.0,49.0,274.0,276.0,196.0,185.0,183.0,212.0,266.0,277.0,377.0,344.0,277.0,160.0,83.0,71.0,306.0,65.0,227.0,157.0,79.0,80.0,69.0,135.0,71.0,49.0,287.0,303.0,314.0,330.0,311.0,360.0,379.0,476.0,516.0,422.0,393.0,255.0,154.0,125.0
McDowell County,2020,67.0,16.0,62.0,89.0,35.0,27.0,22.0,60.0,30.0,23.0,141.0,105.0,95.0,102.0,120.0,122.0,126.0,119.0,139.0,133.0,81.0,60.0,30.0,53.0,946.0,207.0,770.0,618.0,245.0,234.0,207.0,453.0,245.0,237.0,1243.0,1199.0,1027.0,1006.0,1171.0,1314.0,1387.0,1446.0,1477.0,1392.0,1253.0,902.0,654.0,703.0,81.0,18.0,77.0,95.0,29.0,24.0,28.0,58.0,27.0,28.0,122.0,122.0,172.0,190.0,175.0,149.0,159.0,132.0,135.0,143.0,105.0,39.0,22.0,22.0,1083.0,225.0,917.0,709.0,248.0,260.0,263.0,470.0,241.0,189.0,1160.0,1252.0,1261.0,1251.0,1185.0,1411.0,1413.0,1356.0,1364.0,1191.0,1046.0,772.0,498.0,401.0
Mecklenburg County,2020,17620.0,3531.0,13618.0,10092.0,3453.0,3378.0,3392.0,6785.0,3352.0,3420.0,16971.0,17918.0,18573.0,20127.0,19632.0,18758.0,16418.0,14435.0,11910.0,9391.0,6771.0,4001.0,2326.0,2069.0,18410.0,3700.0,14655.0,11193.0,3727.0,3784.0,3154.0,6157.0,3106.0,3139.0,15065.0,21602.0,27624.0,29277.0,23844.0,21870.0,20741.0,20451.0,19098.0,16079.0,13390.0,8997.0,5660.0,7223.0,18165.0,3715.0,13780.0,10465.0,3575.0,3508.0,3559.0,7182.0,3549.0,3640.0,17768.0,17709.0,16568.0,17414.0,16227.0,15386.0,13679.0,11913.0,9529.0,6782.0,4747.0,2696.0,1365.0,890.0,19429.0,3885.0,15153.0,11807.0,3951.0,4014.0,3316.0,6445.0,3232.0,3242.0,16475.0,23848.0,30493.0,31652.0,24711.0,22516.0,21635.0,20134.0,18067.0,14232.0,11691.0,7174.0,4078.0,3304.0
Mitchell County,2020,24.0,6.0,30.0,27.0,9.0,7.0,5.0,11.0,8.0,6.0,34.0,36.0,30.0,34.0,28.0,16.0,33.0,18.0,15.0,8.0,7.0,5.0,3.0,8.0,322.0,67.0,279.0,199.0,82.0,73.0,78.0,149.0,78.0,71.0,369.0,444.0,437.0,400.0,358.0,368.0,458.0,516.0,562.0,549.0,457.0,404.0,271.0,280.0,16.0,4.0,22.0,20.0,3.0,3.0,4.0,11.0,5.0,4.0,23.0,30.0,23.0,21.0,21.0,27.0,19.0,19.0,7.0,9.0,5.0,10.0,1.0,4.0,350.0,74.0,258.0,223.0,70.0,72.0,65.0,141.0,86.0,84.0,422.0,490.0,452.0,379.0,369.0,405.0,469.0,447.0,475.0,456.0,391.0,340.0,238.0,156.0
Montgomery County,2020,197.0,48.0,191.0,137.0,42.0,49.0,37.0,81.0,42.0,48.0,221.0,257.0,226.0,207.0,201.0,156.0,172.0,212.0,209.0,171.0,123.0,62.0,71.0,79.0,504.0,113.0,444.0,368.0,132.0,136.0,151.0,286.0,152.0,142.0,659.0,617.0,502.0,580.0,567.0,670.0,651.0,642.0,688.0,668.0,674.0,524.0,308.0,356.0,214.0,57.0,217.0,132.0,52.0,40.0,37.0,83.0,45.0,57.0,241.0,234.0,156.0,113.0,71.0,97.0,91.0,184.0,157.0,153.0,103.0,64.0,32.0,20.0,477.0,88.0,373.0,321.0,132.0,126.0,111.0,269.0,131.0,155.0,630.0,575.0,429.0,428.0,463.0,483.0,630.0,625.0,703.0,642.0,638.0,423.0,241.0,214.0
Moore County,2020,570.0,114.0,446.0,394.0,117.0,115.0,131.0,249.0,134.0,114.0,511.0,557.0,627.0,597.0,505.0,567.0,550.0,583.0,659.0,532.0,429.0,287.0,204.0,279.0,2173.0,386.0,1529.0,1265.0,457.0,465.0,468.0,940.0,432.0,434.0,1858.0,1871.0,1973.0,2236.0,2265.0,2495.0,2526.0,2909.0,3065.0,3278.0,3250.0,2595.0,1735.0,2381.0,599.0,117.0,477.0,368.0,151.0,132.0,136.0,249.0,124.0,129.0,532.0,586.0,536.0,464.0,415.0,407.0,424.0,490.0,520.0,474.0,370.0,218.0,135.0,92.0,2331.0,430.0,1655.0,1305.0,474.0,482.0,480.0,1026.0,487.0,446.0,1979.0,1997.0,1927.0,2005.0,2082.0,2295.0,2352.0,2551.0,2617.0,2669.0,2795.0,2278.0,1438.0,1623.0
Nash County,2020,1323.0,248.0,1125.0,844.0,286.0,314.0,297.0,528.0,287.0,288.0,1397.0,1529.0,1515.0,1361.0,1397.0,1429.0,1437.0,1589.0,1463.0,1282.0,974.0,581.0,386.0,461.0,1299.0,251.0,937.0,760.0,263.0,268.0,313.0,613.0,298.0,291.0,1438.0,1286.0,1348.0,1399.0,1392.0,1688.0,1841.0,2091.0,2014.0,2068.0,1898.0,1231.0,804.0,843.0,1389.0,263.0,1120.0,863.0,299.0,285.0,300.0,582.0,316.0,296.0,1374.0,1587.0,1448.0,1176.0,1167.0,1206.0,1233.0,1398.0,1226.0,937.0,656.0,421.0,231.0,138.0,1245.0,256.0,935.0,763.0,291.0,311.0,310.0,662.0,378.0,271.0,1517.0,1524.0,1556.0,1378.0,1354.0,1765.0,1888.0,2085.0,1990.0,1868.0,1724.0,1032.0,567.0,471.0
New Hanover County,2020,1282.0,256.0,1099.0,951.0,310.0,317.0,304.0,593.0,286.0,302.0,1480.0,1783.0,1968.0,1619.0,1268.0,1201.0,1132.0,1144.0,1226.0,1117.0,768.0,510.0,279.0,412.0,4055.0,830.0,3257.0,2548.0,870.0,896.0,896.0,1787.0,1576.0,1891.0,8701.0,5941.0,5505.0,6576.0,6045.0,5806.0,5792.0,5960.0,6158.0,5989.0,5322.0,3838.0,2357.0,2816.0,1346.0,279.0,1129.0,975.0,341.0,326.0,312.0,608.0,328.0,313.0,1631.0,1857.0,1846.0,1508.0,1157.0,1048.0,1059.0,1069.0,967.0,892.0,659.0,377.0,211.0,155.0,4247.0,913.0,3441.0,2623.0,920.0,930.0,906.0,1831.0,1341.0,1635.0,8053.0,5864.0,5607.0,6688.0,6052.0,5919.0,5526.0,5396.0,5015.0,4778.0,4305.0,3066.0,1772.0,1490.0
Northampton County,2020,287.0,45.0,221.0,208.0,81.0,69.0,74.0,104.0,44.0,57.0,306.0,465.0,441.0,417.0,272.0,251.0,248.0,336.0,381.0,270.0,215.0,182.0,159.0,285.0,150.0,25.0,102.0,99.0,22.0,28.0,38.0,70.0,40.0,30.0,144.0,155.0,269.0,202.0,154.0,146.0,176.0,213.0,235.0,220.0,261.0,260.0,176.0,251.0,285.0,51.0,225.0,215.0,76.0,84.0,84.0,129.0,49.0,56.0,301.0,479.0,468.0,410.0,302.0,279.0,271.0,261.0,233.0,163.0,84.0,92.0,51.0,95.0,149.0,31.0,113.0,99.0,38.0,41.0,39.0,78.0,29.0,28.0,168.0,271.0,340.0,234.0,201.0,242.0,214.0,222.0,192.0,203.0,214.0,186.0,153.0,136.0
Onslow County,2020,1908.0,426.0,1602.0,1221.0,382.0,310.0,295.0,583.0,271.0,426.0,2569.0,2320.0,2631.0,2063.0,1246.0,1059.0,1044.0,1209.0,1203.0,1005.0,686.0,415.0,334.0,271.0,7705.0,1666.0,6634.0,4076.0,1120.0,1044.0,955.0,1619.0,1004.0,1472.0,7665.0,3042.0,4303.0,5094.0,4605.0,3833.0,3248.0,3344.0,2984.0,2501.0,2075.0,1464.0,1116.0,1016.0,2048.0,473.0,1884.0,1460.0,471.0,415.0,410.0,721.0,371.0,702.0,3747.0,1947.0,1992.0,1756.0,1362.0,1124.0,888.0,970.0,1008.0,680.0,476.0,240.0,163.0,125.0,7916.0,1592.0,6392.0,3455.0,875.0,718.0,637.0,1318.0,1520.0,884.0,15913.0,6892.0,5223.0,4061.0,3168.0,3028.0,2739.0,3137.0,3119.0,2658.0,2107.0,1425.0,896.0,672.0
Orange County,2020,881.0,176.0,844.0,687.0,274.0,292.0,274.0,590.0,472.0,576.0,2226.0,1781.0,1729.0,1255.0,1169.0,1371.0,1422.0,1240.0,984.0,744.0,520.0,355.0,247.0,271.0,1948.0,404.0,1740.0,1480.0,545.0,572.0,607.0,1217.0,1365.0,2022.0,7414.0,3593.0,3281.0,3599.0,2973.0,3168.0,3617.0,3803.0,3935.0,3609.0,2783.0,1766.0,1046.0,1006.0,858.0,210.0,852.0,687.0,263.0,290.0,288.0,594.0,367.0,447.0,1831.0,1476.0,1210.0,1079.0,1082.0,1019.0,1126.0,1025.0,820.0,617.0,431.0,266.0,144.0,113.0,2090.0,436.0,1845.0,1573.0,578.0,627.0,677.0,1363.0,1029.0,1649.0,6510.0,3668.0,3411.0,3476.0,3020.0,3130.0,3441.0,3465.0,3336.0,3188.0,2577.0,1551.0,827.0,578.0
Pamlico County,2020,47.0,13.0,50.0,48.0,21.0,16.0,13.0,30.0,13.0,17.0,67.0,67.0,84.0,92.0,54.0,60.0,55.0,96.0,110.0,74.0,79.0,67.0,58.0,89.0,157.0,31.0,141.0,137.0,49.0,41.0,50.0,92.0,43.0,24.0,211.0,252.0,255.0,252.0,177.0,213.0,219.0,322.0,361.0,431.0,425.0,301.0,228.0,176.0,49.0,5.0,33.0,28.0,15.0,14.0,9.0,28.0,15.0,13.0,79.0,80.0,147.0,159.0,130.0,107.0,84.0,102.0,111.0,51.0,50.0,20.0,24.0,19.0,173.0,38.0,145.0,132.0,44.0,48.0,55.0,86.0,36.0,30.0,228.0,275.0,291.0,290.0,238.0,269.0,311.0,347.0,383.0,374.0,438.0,326.0,213.0,200.0
Pasquotank County,2020,502.0,123.0,408.0,343.0,124.0,120.0,116.0,226.0,249.0,277.0,1146.0,514.0,374.0,521.0,460.0,397.0,460.0,562.0,545.0,411.0,298.0,233.0,129.0,191.0,647.0,146.0,579.0,436.0,141.0,146.0,156.0,242.0,131.0,133.0,642.0,678.0,801.0,695.0,754.0,696.0,706.0,825.0,863.0,751.0,665.0,512.0,314.0,268.0,489.0,111.0,400.0,368.0,134.0,113.0,114.0,218.0,201.0,228.0,1148.0,570.0,481.0,611.0,460.0,424.0,417.0,528.0,427.0,297.0,221.0,138.0,95.0,74.0,721.0,133.0,592.0,480.0,159.0,154.0,146.0,300.0,163.0,153.0,717.0,713.0,678.0,735.0,740.0,751.0,754.0,837.0,780.0,650.0,583.0,361.0,226.0,162.0
Pender County,2020,319.0,63.0,244.0,210.0,75.0,65.0,70.0,120.0,71.0,79.0,373.0,464.0,601.0,414.0,232.0,243.0,293.0,354.0,339.0,307.0,241.0,187.0,146.0,170.0,1217.0,250.0,993.0,820.0,298.0,296.0,282.0,577.0,336.0,320.0,1452.0,1302.0,1220.0,1411.0,1576.0,1632.0,1705.0,1810.0,1813.0,1651.0,1432.0,980.0,606.0,583.0,321.0,66.0,255.0,213.0,84.0,72.0,70.0,131.0,63.0,65.0,356.0,536.0,602.0,457.0,281.0,284.0,284.0,322.0,300.0,275.0,214.0,106.0,62.0,91.0,1293.0,251.0,1032.0,843.0,284.0,269.0,296.0,600.0,325.0,335.0,1486.0,1532.0,1337.0,1421.0,1543.0,1668.0,1771.0,1834.0,1782.0,1481.0,1349.0,933.0,504.0,404.0
Perquimans County,2020,83.0,15.0,66.0,55.0,35.0,30.0,28.0,40.0,18.0,17.0,122.0,154.0,125.0,90.0,83.0,79.0,104.0,151.0,144.0,111.0,82.0,75.0,63.0,54.0,242.0,44.0,191.0,143.0,48.0,49.0,54.0,88.0,43.0,42.0,197.0,247.0,248.0,260.0,244.0,230.0,281.0,318.0,335.0,358.0,392.0,359.0,244.0,241.0,69.0,14.0,64.0,63.0,26.0,27.0,22.0,43.0,23.0,26.0,133.0,141.0,108.0,88.0,66.0,57.0,73.0,94.0,108.0,87.0,63.0,33.0,29.0,38.0,194.0,44.0,203.0,151.0,50.0,54.0,44.0,79.0,38.0,42.0,238.0,260.0,258.0,251.0,256.0,246.0,281.0,319.0,349.0,332.0,367.0,330.0,209.0,154.0
Person County,2020,319.0,73.0,252.0,254.0,90.0,77.0,74.0,135.0,73.0,75.0,355.0,442.0,399.0,364.0,342.0,374.0,395.0,472.0,462.0,428.0,331.0,206.0,147.0,136.0,681.0,138.0,575.0,451.0,154.0,157.0,148.0,283.0,129.0,121.0,644.0,806.0,817.0,832.0,806.0,909.0,901.0,1005.0,1060.0,917.0,826.0,602.0,405.0,408.0,371.0,62.0,257.0,222.0,72.0,78.0,85.0,158.0,97.0,70.0,378.0,446.0,407.0,333.0,293.0,304.0,365.0,392.0,411.0,317.0,240.0,152.0,87.0,57.0,705.0,142.0,550.0,495.0,166.0,158.0,167.0,338.0,161.0,173.0,691.0,816.0,844.0,822.0,797.0,902.0,860.0,1013.0,1019.0,819.0,733.0,492.0,305.0,210.0
Pitt County,2020,2505.0,502.0,1967.0,1616.0,541.0,505.0,502.0,964.0,665.0,889.0,3941.0,2942.0,2729.0,2686.0,2556.0,2277.0,2115.0,2175.0,2153.0,1765.0,1330.0,750.0,478.0,575.0,2501.0,527.0,2227.0,1676.0,541.0,531.0,514.0,991.0,1490.0,2286.0,7608.0,2689.0,1740.0,2452.0,3108.0,2999.0,2922.0,3045.0,3059.0,2741.0,2361.0,1431.0,1027.0,1233.0,2597.0,512.0,1950.0,1685.0,539.0,528.0,512.0,984.0,478.0,695.0,3448.0,2923.0,2409.0,2033.0,1942.0,1766.0,1657.0,1584.0,1477.0,1283.0,892.0,524.0,295.0,204.0,2611.0,573.0,2293.0,1771.0,616.0,587.0,562.0,1087.0,1178.0,1666.0,6593.0,2530.0,1367.0,2050.0,3022.0,2985.0,2898.0,2665.0,2633.0,2272.0,1940.0,1225.0,656.0,535.0
Polk County,2020,25.0,8.0,26.0,28.0,12.0,12.0,12.0,19.0,14.0,15.0,55.0,61.0,32.0,34.0,31.0,66.0,40.0,66.0,59.0,63.0,49.0,27.0,26.0,28.0,342.0,60.0,249.0,235.0,82.0,79.0,84.0,171.0,85.0,69.0,462.0,490.0,528.0,437.0,341.0,453.0,581.0,615.0,741.0,801.0,756.0,577.0,400.0,537.0,31.0,6.0,21.0,40.0,11.0,15.0,15.0,27.0,12.0,14.0,62.0,54.0,37.0,31.0,40.0,47.0,49.0,48.0,42.0,53.0,42.0,41.0,20.0,22.0,340.0,71.0,253.0,233.0,81.0,82.0,94.0,193.0,89.0,100.0,449.0,565.0,506.0,463.0,368.0,462.0,556.0,591.0,631.0,585.0,594.0,494.0,310.0,346.0
Randolph County,2020,533.0,111.0,443.0,417.0,152.0,165.0,151.0,349.0,158.0,154.0,694.0,572.0,611.0,710.0,718.0,616.0,584.0,562.0,540.0,472.0,378.0,267.0,156.0,190.0,3318.0,689.0,2703.0,2256.0,796.0,775.0,806.0,1648.0,832.0,836.0,4274.0,3984.0,3520.0,3493.0,3773.0,4350.0,4655.0,4758.0,4461.0,3978.0,3544.0,2605.0,1655.0,1690.0,517.0,101.0,480.0,451.0,186.0,180.0,173.0,359.0,192.0,181.0,768.0,584.0,486.0,518.0,534.0,559.0,590.0,558.0,515.0,471.0,339.0,203.0,125.0,95.0,3356.0,677.0,2835.0,2346.0,752.0,739.0,748.0,1525.0,778.0,836.0,4071.0,4257.0,3424.0,3264.0,3286.0,4169.0,4442.0,4387.0,4090.0,3249.0,2912.0,1905.0,1150.0,894.0
Richmond County,2020,581.0,102.0,363.0,356.0,137.0,129.0,125.0,235.0,128.0,134.0,630.0,509.0,444.0,527.0,534.0,547.0,598.0,563.0,566.0,491.0,363.0,201.0,124.0,43.0,703.0,131.0,515.0,420.0,141.0,154.0,139.0,288.0,165.0,170.0,757.0,728.0,659.0,722.0,772.0,868.0,836.0,951.0,976.0,949.0,896.0,654.0,413.0,310.0,632.0,112.0,500.0,413.0,132.0,148.0,119.0,259.0,138.0,153.0,633.0,391.0,525.0,490.0,547.0,510.0,530.0,492.0,453.0,385.0,317.0,130.0,85.0,77.0,718.0,140.0,539.0,463.0,153.0,165.0,161.0,378.0,193.0,215.0,801.0,460.0,582.0,762.0,792.0,930.0,872.0,1019.0,949.0,814.0,747.0,453.0,271.0,245.0
Robeson County,2020,2909.0,606.0,2457.0,1929.0,614.0,552.0,550.0,875.0,698.0,729.0,3306.0,2918.0,2318.0,2008.0,2346.0,2632.0,2288.0,2167.0,2287.0,2249.0,1766.0,929.0,569.0,542.0,864.0,119.0,434.0,355.0,158.0,159.0,178.0,387.0,403.0,406.0,1397.0,849.0,992.0,1325.0,1258.0,1205.0,1318.0,1409.0,1439.0,1320.0,1207.0,903.0,623.0,566.0,2654.0,422.0,1485.0,1300.0,562.0,566.0,588.0,1210.0,895.0,946.0,3652.0,2593.0,2094.0,1904.0,1894.0,2353.0,2432.0,2533.0,2394.0,2002.0,1685.0,859.0,446.0,403.0,988.0,140.0,502.0,564.0,222.0,222.0,208.0,450.0,386.0,403.0,1633.0,923.0,524.0,1258.0,1215.0,1231.0,1366.0,1352.0,1268.0,1137.0,1084.0,667.0,399.0,331.0
Rockingham County,2020,528.0,124.0,436.0,420.0,137.0,139.0,139.0,248.0,154.0,132.0,698.0,715.0,703.0,642.0,630.0,717.0,849.0,889.0,816.0,727.0,567.0,350.0,276.0,282.0,1660.0,336.0,1388.0,1092.0,367.0,407.0,386.0,824.0,400.0,391.0,1913.0,1976.0,2115.0,2135.0,2047.0,2305.0,2438.0,2606.0,2729.0,2438.0,2066.0,1599.0,1094.0,1231.0,565.0,120.0,499.0,424.0,168.0,154.0,136.0,284.0,138.0,146.0,791.0,798.0,623.0,582.0,521.0,621.0,683.0,702.0,662.0,583.0,388.0,234.0,135.0,103.0,1715.0,345.0,1339.0,1086.0,392.0,396.0,432.0,882.0,452.0,415.0,1961.0,2042.0,1792.0,1696.0,1936.0,2290.0,2423.0,2656.0,2541.0,2355.0,1924.0,1322.0,859.0,585.0
Rowan County,2020,1105.0,223.0,812.0,759.0,281.0,258.0,259.0,476.0,223.0,226.0,1096.0,1068.0,1271.0,1072.0,1037.0,894.0,899.0,1025.0,1008.0,851.0,636.0,445.0,291.0,269.0,2844.0,551.0,2336.0,2056.0,762.0,767.0,746.0,1542.0,759.0,760.0,3448.0,3441.0,3197.0,3334.0,3471.0,3612.0,3889.0,4297.0,4190.0,3622.0,3297.0,2223.0,1494.0,1641.0,1078.0,216.0,851.0,778.0,288.0,276.0,258.0,535.0,286.0,343.0,1369.0,1170.0,1084.0,1000.0,872.0,825.0,842.0,940.0,931.0,834.0,576.0,370.0,210.0,150.0,2924.0,606.0,2519.0,2165.0,764.0,742.0,713.0,1513.0,793.0,745.0,3541.0,3588.0,3313.0,3367.0,3447.0,3626.0,3847.0,4138.0,4013.0,3473.0,2828.0,1894.0,1078.0,799.0
Rutherford County,2020,223.0,42.0,179.0,209.0,85.0,74.0,69.0,124.0,76.0,81.0,349.0,369.0,247.0,217.0,237.0,306.0,347.0,334.0,330.0,282.0,261.0,151.0,89.0,92.0,1423.0,275.0,1108.0,890.0,317.0,315.0,321.0,632.0,315.0,300.0,1475.0,1592.0,1786.0,1752.0,1603.0,1706.0,1864.0,1900.0,1948.0,1858.0,1728.0,1362.0,922.0,991.0,260.0,53.0,206.0,211.0,70.0,65.0,70.0,126.0,69.0,77.0,369.0,385.0,261.0,211.0,239.0,281.0,289.0,267.0,277.0,223.0,188.0,104.0,57.0,46.0,1412.0,300.0,1198.0,943.0,361.0,294.0,299.0,650.0,323.0,304.0,1531.0,1547.0,1735.0,1732.0,1620.0,1640.0,1817.0,1909.0,1732.0,1618.0,1527.0,1035.0,675.0,524.0
Sampson County,2020,713.0,160.0,639.0,460.0,137.0,147.0,134.0,266.0,135.0,128.0,612.0,400.0,377.0,496.0,615.0,574.0,601.0,643.0,779.0,668.0,529.0,373.0,215.0,269.0,1244.0,241.0,1020.0,819.0,288.0,288.0,273.0,555.0,272.0,286.0,1353.0,1287.0,946.0,1082.0,1202.0,1361.0,1344.0,1227.0,1235.0,1100.0,1026.0,755.0,578.0,610.0,741.0,153.0,644.0,423.0,146.0,152.0,170.0,271.0,165.0,165.0,669.0,468.0,209.0,340.0,423.0,498.0,569.0,615.0,611.0,599.0,389.0,221.0,146.0,110.0,1172.0,216.0,776.0,711.0,273.0,271.0,273.0,593.0,304.0,281.0,1394.0,1260.0,1041.0,904.0,1088.0,1382.0,1401.0,1493.0,1248.0,1123.0,933.0,681.0,380.0,281.0
Scotland County,2020,716.0,139.0,599.0,515.0,171.0,134.0,127.0,267.0,106.0,116.0,656.0,746.0,577.0,497.0,497.0,590.0,537.0,626.0,598.0,597.0,474.0,279.0,157.0,161.0,355.0,63.0,259.0,193.0,71.0,88.0,90.0,145.0,68.0,67.0,428.0,435.0,417.0,301.0,381.0,468.0,521.0,571.0,594.0,628.0,536.0,405.0,268.0,330.0,705.0,135.0,511.0,425.0,173.0,174.0,149.0,282.0,123.0,131.0,668.0,637.0,474.0,495.0,606.0,593.0,521.0,545.0,511.0,501.0,341.0,179.0,83.0,52.0,341.0,73.0,313.0,229.0,78.0,78.0,74.0,175.0,80.0,89.0,466.0,437.0,366.0,338.0,411.0,529.0,527.0,610.0,544.0,478.0,533.0,334.0,184.0,174.0
Stanly County,2020,320.0,75.0,255.0,260.0,75.0,84.0,86.0,150.0,68.0,71.0,350.0,437.0,371.0,308.0,293.0,327.0,347.0,394.0,343.0,319.0,251.0,157.0,78.0,82.0,1342.0,261.0,1010.0,821.0,294.0,308.0,330.0,587.0,321.0,302.0,1461.0,1571.0,1486.0,1392.0,1430.0,1556.0,1774.0,1988.0,1791.0,1694.0,1495.0,1182.0,749.0,751.0,325.0,78.0,281.0,263.0,102.0,78.0,71.0,159.0,75.0,88.0,386.0,449.0,426.0,359.0,323.0,330.0,311.0,352.0,316.0,257.0,222.0,131.0,68.0,40.0,1404.0,284.0,1090.0,865.0,301.0,311.0,316.0,637.0,333.0,333.0,1640.0,1700.0,1591.0,1361.0,1466.0,1669.0,1771.0,1944.0,1720.0,1609.0,1398.0,925.0,568.0,401.0
Stokes County,2020,55.0,11.0,56.0,57.0,20.0,15.0,19.0,38.0,22.0,31.0,123.0,106.0,73.0,44.0,73.0,105.0,114.0,135.0,132.0,115.0,107.0,79.0,58.0,77.0,939.0,181.0,663.0,594.0,228.0,227.0,235.0,494.0,171.0,204.0,1031.0,1269.0,1452.0,1350.0,1130.0,1384.0,1608.0,1701.0,1647.0,1452.0,1217.0,944.0,593.0,506.0,62.0,17.0,58.0,61.0,29.0,29.0,20.0,61.0,31.0,21.0,141.0,136.0,69.0,72.0,86.0,102.0,122.0,135.0,145.0,123.0,89.0,83.0,47.0,32.0,897.0,189.0,763.0,670.0,245.0,204.0,210.0,459.0,198.0,201.0,986.0,1301.0,1411.0,1303.0,1147.0,1336.0,1493.0,1643.0,1464.0,1265.0,1033.0,692.0,405.0,293.0
Surry County,2020,202.0,43.0,131.0,133.0,48.0,40.0,33.0,83.0,47.0,44.0,206.0,184.0,158.0,161.0,150.0,159.0,152.0,182.0,209.0,153.0,124.0,92.0,78.0,87.0,1663.0,319.0,1367.0,1169.0,431.0,409.0,381.0,768.0,397.0,413.0,2242.0,2103.0,1674.0,1641.0,1810.0,2232.0,2381.0,2420.0,2316.0,2114.0,1928.0,1419.0,1044.0,961.0,199.0,40.0,138.0,131.0,45.0,51.0,53.0,114.0,55.0,47.0,251.0,242.0,147.0,147.0,149.0,169.0,173.0,196.0,221.0,175.0,139.0,81.0,35.0,28.0,1652.0,342.0,1413.0,1220.0,400.0,408.0,418.0,826.0,377.0,401.0,2145.0,2366.0,1722.0,1725.0,1816.0,2202.0,2281.0,2307.0,2100.0,1811.0,1642.0,1011.0,679.0,554.0
Swain County,2020,156.0,46.0,196.0,151.0,41.0,57.0,54.0,89.0,43.0,40.0,249.0,232.0,209.0,179.0,160.0,162.0,168.0,133.0,130.0,90.0,76.0,53.0,38.0,29.0,224.0,52.0,206.0,129.0,38.0,49.0,42.0,86.0,25.0,31.0,148.0,174.0,242.0,298.0,248.0,276.0,247.0,325.0,335.0,369.0,317.0,252.0,169.0,160.0,188.0,48.0,168.0,119.0,43.0,39.0,40.0,86.0,39.0,48.0,204.0,222.0,157.0,132.0,138.0,130.0,93.0,134.0,96.0,75.0,70.0,50.0,14.0,15.0,246.0,62.0,222.0,134.0,50.0,42.0,60.0,99.0,33.0,34.0,211.0,221.0,301.0,274.0,243.0,283.0,282.0,342.0,312.0,287.0,284.0,234.0,142.0,113.0
Transylvania County,2020,50.0,12.0,30.0,42.0,20.0,20.0,30.0,40.0,25.0,27.0,156.0,101.0,67.0,49.0,60.0,75.0,79.0,80.0,103.0,131.0,85.0,58.0,21.0,51.0,606.0,125.0,495.0,426.0,136.0,137.0,130.0,292.0,115.0,130.0,596.0,581.0,782.0,905.0,866.0,763.0,862.0,1082.0,1129.0,1193.0,1275.0,1216.0,852.0,1070.0,46.0,14.0,57.0,58.0,19.0,18.0,14.0,57.0,33.0,49.0,152.0,96.0,105.0,61.0,63.0,72.0,62.0,49.0,70.0,56.0,67.0,32.0,23.0,10.0,597.0,130.0,497.0,393.0,127.0,141.0,146.0,356.0,218.0,248.0,731.0,479.0,762.0,915.0,880.0,725.0,784.0,944.0,959.0,1033.0,1049.0,865.0,733.0,737.0
Tyrrell County,2020,19.0,6.0,22.0,23.0,8.0,3.0,2.0,10.0,2.0,4.0,20.0,27.0,11.0,12.0,7.0,17.0,17.0,34.0,52.0,24.0,16.0,20.0,38.0,39.0,63.0,12.0,55.0,31.0,14.0,15.0,10.0,18.0,8.0,13.0,48.0,59.0,24.0,55.0,45.0,48.0,58.0,84.0,68.0,65.0,79.0,57.0,45.0,47.0,31.0,4.0,13.0,2.0,2.0,1.0,1.0,2.0,1.0,3.0,8.0,25.0,94.0,110.0,85.0,50.0,41.0,57.0,40.0,21.0,12.0,13.0,9.0,26.0,74.0,16.0,54.0,25.0,6.0,12.0,10.0,18.0,12.0,6.0,55.0,37.0,48.0,77.0,82.0,72.0,62.0,70.0,71.0,53.0,62.0,34.0,41.0,32.0
Union County,2020,1368.0,306.0,1361.0,1205.0,427.0,437.0,442.0,891.0,425.0,431.0,1887.0,1717.0,1484.0,1624.0,2040.0,2221.0,1997.0,1660.0,1300.0,1013.0,826.0,497.0,290.0,243.0,4479.0,891.0,3708.0,3420.0,1344.0,1462.0,1526.0,3183.0,1590.0,1242.0,5028.0,5886.0,6901.0,5915.0,5947.0,7565.0,8175.0,7322.0,5964.0,4711.0,4124.0,2927.0,1754.0,1291.0,1327.0,284.0,1326.0,1155.0,447.0,447.0,464.0,957.0,462.0,451.0,1950.0,1687.0,1374.0,1327.0,1607.0,1862.0,1802.0,1421.0,1107.0,811.0,634.0,422.0,231.0,107.0,4769.0,974.0,3989.0,3739.0,1418.0,1527.0,1527.0,3360.0,1704.0,1669.0,7388.0,6066.0,4753.0,4701.0,5329.0,6976.0,7808.0,7406.0,5769.0,4287.0,3514.0,2444.0,1267.0,773.0
Vance County,2020,840.0,150.0,654.0,518.0,193.0,181.0,175.0,318.0,163.0,191.0,703.0,982.0,1002.0,766.0,728.0,710.0,790.0,804.0,769.0,696.0,507.0,271.0,199.0,268.0,507.0,112.0,452.0,356.0,124.0,117.0,122.0,228.0,123.0,132.0,556.0,635.0,474.0,522.0,563.0,626.0,608.0,632.0,693.0,634.0,630.0,494.0,307.0,419.0,858.0,167.0,607.0,489.0,186.0,180.0,164.0,357.0,192.0,178.0,762.0,910.0,708.0,457.0,455.0,620.0,670.0,642.0,617.0,521.0,390.0,234.0,133.0,117.0,505.0,102.0,385.0,249.0,92.0,96.0,105.0,206.0,109.0,142.0,576.0,519.0,463.0,477.0,553.0,557.0,609.0,664.0,624.0,640.0,622.0,445.0,244.0,191.0
Wake County,2020,11946.0,2497.0,10304.0,8219.0,2981.0,2960.0,3016.0,5999.0,2920.0,2969.0,13852.0,13945.0,14741.0,16285.0,17077.0,15766.0,13390.0,11155.0,9039.0,7018.0,5108.0,2996.0,1744.0,1512.0,19248.0,3978.0,16020.0,13442.0,4854.0,5035.0,5109.0,10279.0,5147.0,5090.0,23355.0,23195.0,27588.0,30998.0,30255.0,29306.0,27995.0,27157.0,23961.0,19731.0,16091.0,10404.0,6843.0,7347.0,12443.0,2491.0,10194.0,8242.0,2853.0,2828.0,2870.0,5681.0,2801.0,2851.0,13839.0,13833.0,12774.0,12992.0,14029.0,13382.0,11296.0,9196.0,7209.0,5052.0,3580.0,2099.0,1141.0,690.0,20405.0,4124.0,16582.0,13760.0,5019.0,5085.0,5135.0,10516.0,5262.0,5220.0,23770.0,23083.0,26188.0,28796.0,28427.0,28064.0,27028.0,25541.0,22047.0,17018.0,13192.0,8552.0,4633.0,3144.0
Warren County,2020,264.0,60.0,211.0,219.0,77.0,73.0,82.0,115.0,67.0,66.0,327.0,403.0,411.0,359.0,302.0,291.0,287.0,297.0,297.0,254.0,251.0,225.0,179.0,247.0,141.0,32.0,123.0,92.0,31.0,34.0,37.0,52.0,15.0,18.0,76.0,219.0,237.0,221.0,146.0,174.0,180.0,229.0,246.0,324.0,289.0,267.0,178.0,220.0,252.0,51.0,206.0,217.0,76.0,85.0,69.0,149.0,61.0,62.0,324.0,421.0,533.0,429.0,356.0,330.0,301.0,351.0,288.0,277.0,213.0,166.0,114.0,125.0,155.0,32.0,123.0,111.0,43.0,37.0,31.0,67.0,35.0,30.0,155.0,206.0,265.0,248.0,211.0,219.0,269.0,326.0,369.0,345.0,330.0,272.0,159.0,151.0
Washington County,2020,197.0,30.0,161.0,141.0,55.0,44.0,31.0,75.0,26.0,20.0,148.0,233.0,238.0,174.0,137.0,156.0,198.0,185.0,203.0,216.0,146.0,125.0,64.0,102.0,114.0,25.0,93.0,68.0,29.0,25.0,27.0,58.0,7.0,8.0,72.0,93.0,105.0,163.0,148.0,126.0,179.0,200.0,215.0,247.0,214.0,181.0,135.0,189.0,204.0,30.0,126.0,157.0,41.0,62.0,45.0,93.0,35.0,40.0,158.0,181.0,96.0,88.0,104.0,95.0,149.0,208.0,205.0,212.0,130.0,64.0,32.0,32.0,104.0,22.0,106.0,81.0,26.0,25.0,23.0,53.0,25.0,28.0,123.0,131.0,89.0,35.0,87.0,161.0,168.0,199.0,220.0,245.0,228.0,149.0,102.0,91.0
Watauga County,2020,51.0,10.0,40.0,42.0,12.0,14.0,20.0,36.0,100.0,179.0,619.0,392.0,323.0,79.0,66.0,86.0,93.0,101.0,80.0,65.0,53.0,23.0,11.0,18.0,788.0,172.0,598.0,506.0,182.0,181.0,172.0,328.0,870.0,1613.0,4740.0,952.0,976.0,1061.0,993.0,1042.0,1084.0,1308.0,1390.0,1414.0,1218.0,919.0,598.0,668.0,56.0,12.0,39.0,59.0,10.0,24.0,22.0,39.0,147.0,207.0,816.0,513.0,386.0,124.0,70.0,79.0,96.0,82.0,82.0,79.0,59.0,36.0,13.0,7.0,847.0,169.0,732.0,565.0,195.0,179.0,189.0,370.0,752.0,1408.0,5297.0,1203.0,1302.0,1395.0,1083.0,1066.0,1104.0,1202.0,1248.0,1266.0,1177.0,823.0,552.0,442.0
Wayne County,2020,1594.0,320.0,1328.0,965.0,340.0,352.0,347.0,643.0,322.0,323.0,1524.0,1752.0,1629.0,1565.0,1402.0,1306.0,1301.0,1404.0,1495.0,1274.0,866.0,654.0,428.0,549.0,2333.0,473.0,1954.0,1461.0,505.0,492.0,480.0,901.0,423.0,404.0,2153.0,1707.0,1783.0,2310.0,2179.0,2304.0,2358.0,2429.0,2282.0,1884.0,1713.0,1302.0,971.0,969.0,1640.0,351.0,1406.0,1063.0,364.0,370.0,333.0,682.0,344.0,340.0,1573.0,1429.0,1221.0,1160.0,1036.0,1033.0,1085.0,1306.0,1162.0,1060.0,734.0,418.0,284.0,208.0,2388.0,438.0,1744.0,1350.0,486.0,515.0,488.0,949.0,509.0,499.0,2897.0,2261.0,2294.0,2699.0,1995.0,1949.0,2098.0,2589.0,2478.0,2066.0,1733.0,1119.0,749.0,641.0
Wilkes County,2020,129.0,36.0,128.0,88.0,40.0,40.0,36.0,64.0,36.0,39.0,148.0,154.0,140.0,153.0,111.0,155.0,144.0,179.0,171.0,166.0,124.0,95.0,66.0,59.0,1500.0,317.0,1169.0,1003.0,354.0,352.0,334.0,686.0,357.0,313.0,1689.0,1747.0,1856.0,1709.0,1710.0,1899.0,1940.0,2259.0,2137.0,2019.0,1871.0,1430.0,1068.0,1019.0,162.0,33.0,123.0,134.0,41.0,37.0,43.0,98.0,45.0,40.0,188.0,176.0,189.0,173.0,157.0,167.0,219.0,218.0,226.0,189.0,151.0,87.0,47.0,33.0,1569.0,307.0,1209.0,1045.0,343.0,367.0,370.0,740.0,359.0,388.0,1754.0,1908.0,1775.0,1828.0,1742.0,1971.0,1961.0,2124.0,2033.0,1797.0,1519.0,1163.0,732.0,608.0
Wilson County,2020,1149.0,221.0,890.0,712.0,244.0,225.0,245.0,499.0,253.0,225.0,1201.0,1306.0,1354.0,1239.0,1143.0,1087.0,1184.0,1232.0,1121.0,932.0,692.0,487.0,333.0,338.0,1139.0,237.0,891.0,797.0,261.0,288.0,274.0,507.0,244.0,277.0,1107.0,1344.0,1346.0,1246.0,1330.0,1358.0,1364.0,1532.0,1521.0,1534.0,1335.0,958.0,723.0,723.0,1231.0,244.0,1003.0,835.0,264.0,268.0,274.0,538.0,236.0,237.0,1245.0,1451.0,1221.0,977.0,877.0,911.0,954.0,964.0,930.0,791.0,635.0,347.0,194.0,148.0,1203.0,235.0,978.0,877.0,282.0,264.0,264.0,532.0,233.0,224.0,1118.0,1223.0,1336.0,1516.0,1360.0,1310.0,1412.0,1469.0,1428.0,1373.0,1059.0,741.0,448.0,340.0
Yadkin County,2020,88.0,19.0,89.0,69.0,22.0,26.0,23.0,48.0,18.0,25.0,94.0,88.0,80.0,100.0,97.0,89.0,76.0,101.0,94.0,93.0,72.0,49.0,17.0,24.0,860.0,160.0,653.0,577.0,204.0,210.0,205.0,383.0,174.0,188.0,1001.0,1004.0,1034.0,975.0,915.0,1119.0,1300.0,1350.0,1168.0,1045.0,999.0,785.0,519.0,570.0,95.0,17.0,94.0,70.0,27.0,29.0,26.0,57.0,23.0,21.0,100.0,80.0,65.0,77.0,102.0,88.0,107.0,90.0,85.0,78.0,67.0,36.0,25.0,15.0,843.0,166.0,739.0,601.0,204.0,229.0,215.0,434.0,173.0,213.0,1075.0,1166.0,1028.0,972.0,895.0,1080.0,1255.0,1273.0,1172.0,989.0,865.0,577.0,385.0,265.0
Yancey County,2020,21.0,6.0,28.0,22.0,5.0,7.0,7.0,23.0,8.0,6.0,44.0,42.0,26.0,28.0,27.0,24.0,21.0,22.0,25.0,9.0,9.0,6.0,4.0,7.0,411.0,81.0,298.0,238.0,80.0,90.0,83.0,165.0,77.0,84.0,427.0,507.0,535.0,483.0,517.0,530.0,568.0,604.0,650.0,673.0,651.0,484.0,376.0,355.0,14.0,6.0,27.0,27.0,9.0,10.0,15.0,18.0,10.0,8.0,43.0,29.0,34.0,37.0,31.0,29.0,23.0,27.0,12.0,15.0,4.0,7.0,0.0,1.0,428.0,89.0,352.0,250.0,109.0,94.0,114.0,226.0,87.0,88.0,406.0,541.0,551.0,475.0,461.0,561.0,580.0,582.0,586.0,593.0,557.0,420.0,274.0,237.0
